{"type": "FeatureCollection", "features": [{"type": "Feature", "geometry": {"type": "Polygon", "coordinates": [[[-64.01367021276596, 47.07670454545455], [-63.98629787234043, 47.07670454545455], [-63.98629787234043, 47.049409090909094], [-64.01367021276596, 47.049409090909094], [-64.01367021276596, 47.07670454545455]]]}, "properties": {"value": 5.0936503410339355}}, {"type": "Feature", "geometry": {"type": "Polygon", "coordinates": [[[-64.04104255319149, 47.049409090909094], [-64.01367021276596, 47.049409090909094], [-64.01367021276596, 47.022113636363635], [-64.04104255319149, 47.022113636363635], [-64.04104255319149, 47.049409090909094]]]}, "properties": {"value": 5.0660719871521}}, {"type": "Feature", "geometry": {"type": "Polygon", "coordinates": [[[-64.01367021276596, 47.049409090909094], [-63.98629787234043, 47.049409090909094], [-63.98629787234043, 47.022113636363635], [-64.01367021276596, 47.022113636363635], [-64.01367021276596, 47.049409090909094]]]}, "properties": {"value": 5.452239513397217}}, {"type": "Feature", "geometry": {"type": "Polygon", "coordinates": [[[-64.06841489361702, 47.022113636363635], [-64.04104255319149, 47.022113636363635], [-64.04104255319149, 46.99481818181818], [-64.06841489361702, 46.99481818181818], [-64.06841489361702, 47.022113636363635]]]}, "properties": {"value": 5.684351921081543}}, {"type": "Feature", "geometry": {"type": "Polygon", "coordinates": [[[-64.04104255319149, 47.022113636363635], [-64.01367021276596, 47.022113636363635], [-64.01367021276596, 46.99481818181818], [-64.04104255319149, 46.99481818181818], [-64.04104255319149, 47.022113636363635]]]}, "properties": {"value": 7.201819896697998}}, {"type": "Feature", "geometry": {"type": "Polygon", "coordinates": [[[-64.01367021276596, 47.022113636363635], [-63.98629787234043, 47.022113636363635], [-63.98629787234043, 46.99481818181818], [-64.01367021276596, 46.99481818181818], [-64.01367021276596, 47.022113636363635]]]}, "properties": {"value": 7.201819896697998}}, {"type": "Feature", "geometry": {"type": "Polygon", "coordinates": [[[-64.12315957446809, 46.99481818181818], [-64.09578723404256, 46.99481818181818], [-64.09578723404256, 46.96752272727273], [-64.12315957446809, 46.96752272727273], [-64.12315957446809, 46.99481818181818]]]}, "properties": {"value": 6.748620986938477}}, {"type": "Feature", "geometry": {"type": "Polygon", "coordinates": [[[-64.09578723404256, 46.99481818181818], [-64.06841489361702, 46.99481818181818], [-64.06841489361702, 46.96752272727273], [-64.09578723404256, 46.96752272727273], [-64.09578723404256, 46.99481818181818]]]}, "properties": {"value": 6.542666912078857}}, {"type": "Feature", "geometry": {"type": "Polygon", "coordinates": [[[-64.06841489361702, 46.99481818181818], [-64.04104255319149, 46.99481818181818], [-64.04104255319149, 46.96752272727273], [-64.06841489361702, 46.96752272727273], [-64.06841489361702, 46.99481818181818]]]}, "properties": {"value": 7.327763080596924}}, {"type": "Feature", "geometry": {"type": "Polygon", "coordinates": [[[-64.04104255319149, 46.99481818181818], [-64.01367021276596, 46.99481818181818], [-64.01367021276596, 46.96752272727273], [-64.04104255319149, 46.96752272727273], [-64.04104255319149, 46.99481818181818]]]}, "properties": {"value": 8.34362506866455}}, {"type": "Feature", "geometry": {"type": "Polygon", "coordinates": [[[-64.01367021276596, 46.99481818181818], [-63.98629787234043, 46.99481818181818], [-63.98629787234043, 46.96752272727273], [-64.01367021276596, 46.96752272727273], [-64.01367021276596, 46.99481818181818]]]}, "properties": {"value": 7.095812797546387}}, {"type": "Feature", "geometry": {"type": "Polygon", "coordinates": [[[-64.17790425531915, 46.96752272727273], [-64.15053191489362, 46.96752272727273], [-64.15053191489362, 46.94022727272728], [-64.17790425531915, 46.94022727272728], [-64.17790425531915, 46.96752272727273]]]}, "properties": {"value": 4.968113422393799}}, {"type": "Feature", "geometry": {"type": "Polygon", "coordinates": [[[-64.15053191489362, 46.96752272727273], [-64.12315957446809, 46.96752272727273], [-64.12315957446809, 46.94022727272728], [-64.15053191489362, 46.94022727272728], [-64.15053191489362, 46.96752272727273]]]}, "properties": {"value": 7.111658096313477}}, {"type": "Feature", "geometry": {"type": "Polygon", "coordinates": [[[-64.12315957446809, 46.96752272727273], [-64.09578723404256, 46.96752272727273], [-64.09578723404256, 46.94022727272728], [-64.12315957446809, 46.94022727272728], [-64.12315957446809, 46.96752272727273]]]}, "properties": {"value": 7.111658096313477}}, {"type": "Feature", "geometry": {"type": "Polygon", "coordinates": [[[-64.09578723404256, 46.96752272727273], [-64.06841489361702, 46.96752272727273], [-64.06841489361702, 46.94022727272728], [-64.09578723404256, 46.94022727272728], [-64.09578723404256, 46.96752272727273]]]}, "properties": {"value": 7.068155288696289}}, {"type": "Feature", "geometry": {"type": "Polygon", "coordinates": [[[-64.06841489361702, 46.96752272727273], [-64.04104255319149, 46.96752272727273], [-64.04104255319149, 46.94022727272728], [-64.06841489361702, 46.94022727272728], [-64.06841489361702, 46.96752272727273]]]}, "properties": {"value": 5.9517951011657715}}, {"type": "Feature", "geometry": {"type": "Polygon", "coordinates": [[[-64.04104255319149, 46.96752272727273], [-64.01367021276596, 46.96752272727273], [-64.01367021276596, 46.94022727272728], [-64.04104255319149, 46.94022727272728], [-64.04104255319149, 46.96752272727273]]]}, "properties": {"value": 6.375795364379883}}, {"type": "Feature", "geometry": {"type": "Polygon", "coordinates": [[[-64.01367021276596, 46.96752272727273], [-63.98629787234043, 46.96752272727273], [-63.98629787234043, 46.94022727272728], [-64.01367021276596, 46.94022727272728], [-64.01367021276596, 46.96752272727273]]]}, "properties": {"value": 4.02418851852417}}, {"type": "Feature", "geometry": {"type": "Polygon", "coordinates": [[[-64.20527659574468, 46.94022727272728], [-64.17790425531915, 46.94022727272728], [-64.17790425531915, 46.91293181818182], [-64.20527659574468, 46.91293181818182], [-64.20527659574468, 46.94022727272728]]]}, "properties": {"value": 5.3481011390686035}}, {"type": "Feature", "geometry": {"type": "Polygon", "coordinates": [[[-64.17790425531915, 46.94022727272728], [-64.15053191489362, 46.94022727272728], [-64.15053191489362, 46.91293181818182], [-64.17790425531915, 46.91293181818182], [-64.17790425531915, 46.94022727272728]]]}, "properties": {"value": 7.906123638153076}}, {"type": "Feature", "geometry": {"type": "Polygon", "coordinates": [[[-64.15053191489362, 46.94022727272728], [-64.12315957446809, 46.94022727272728], [-64.12315957446809, 46.91293181818182], [-64.15053191489362, 46.91293181818182], [-64.15053191489362, 46.94022727272728]]]}, "properties": {"value": 7.342942714691162}}, {"type": "Feature", "geometry": {"type": "Polygon", "coordinates": [[[-64.12315957446809, 46.94022727272728], [-64.09578723404256, 46.94022727272728], [-64.09578723404256, 46.91293181818182], [-64.12315957446809, 46.91293181818182], [-64.12315957446809, 46.94022727272728]]]}, "properties": {"value": 6.101056098937988}}, {"type": "Feature", "geometry": {"type": "Polygon", "coordinates": [[[-64.09578723404256, 46.94022727272728], [-64.06841489361702, 46.94022727272728], [-64.06841489361702, 46.91293181818182], [-64.09578723404256, 46.91293181818182], [-64.09578723404256, 46.94022727272728]]]}, "properties": {"value": 6.380478858947754}}, {"type": "Feature", "geometry": {"type": "Polygon", "coordinates": [[[-64.06841489361702, 46.94022727272728], [-64.04104255319149, 46.94022727272728], [-64.04104255319149, 46.91293181818182], [-64.06841489361702, 46.91293181818182], [-64.06841489361702, 46.94022727272728]]]}, "properties": {"value": 6.380478858947754}}, {"type": "Feature", "geometry": {"type": "Polygon", "coordinates": [[[-64.04104255319149, 46.94022727272728], [-64.01367021276596, 46.94022727272728], [-64.01367021276596, 46.91293181818182], [-64.04104255319149, 46.91293181818182], [-64.04104255319149, 46.94022727272728]]]}, "properties": {"value": 6.130673408508301}}, {"type": "Feature", "geometry": {"type": "Polygon", "coordinates": [[[-64.01367021276596, 46.94022727272728], [-63.98629787234043, 46.94022727272728], [-63.98629787234043, 46.91293181818182], [-64.01367021276596, 46.91293181818182], [-64.01367021276596, 46.94022727272728]]]}, "properties": {"value": 3.1153976917266846}}, {"type": "Feature", "geometry": {"type": "Polygon", "coordinates": [[[-63.98629787234043, 46.94022727272728], [-63.95892553191489, 46.94022727272728], [-63.95892553191489, 46.91293181818182], [-63.98629787234043, 46.91293181818182], [-63.98629787234043, 46.94022727272728]]]}, "properties": {"value": 3.1153976917266846}}, {"type": "Feature", "geometry": {"type": "Polygon", "coordinates": [[[-64.23264893617022, 46.91293181818182], [-64.20527659574468, 46.91293181818182], [-64.20527659574468, 46.885636363636365], [-64.23264893617022, 46.885636363636365], [-64.23264893617022, 46.91293181818182]]]}, "properties": {"value": 5.166275978088379}}, {"type": "Feature", "geometry": {"type": "Polygon", "coordinates": [[[-64.20527659574468, 46.91293181818182], [-64.17790425531915, 46.91293181818182], [-64.17790425531915, 46.885636363636365], [-64.20527659574468, 46.885636363636365], [-64.20527659574468, 46.91293181818182]]]}, "properties": {"value": 7.871474266052246}}, {"type": "Feature", "geometry": {"type": "Polygon", "coordinates": [[[-64.17790425531915, 46.91293181818182], [-64.15053191489362, 46.91293181818182], [-64.15053191489362, 46.885636363636365], [-64.17790425531915, 46.885636363636365], [-64.17790425531915, 46.91293181818182]]]}, "properties": {"value": 6.9387407302856445}}, {"type": "Feature", "geometry": {"type": "Polygon", "coordinates": [[[-64.15053191489362, 46.91293181818182], [-64.12315957446809, 46.91293181818182], [-64.12315957446809, 46.885636363636365], [-64.15053191489362, 46.885636363636365], [-64.15053191489362, 46.91293181818182]]]}, "properties": {"value": 6.421473026275635}}, {"type": "Feature", "geometry": {"type": "Polygon", "coordinates": [[[-64.12315957446809, 46.91293181818182], [-64.09578723404256, 46.91293181818182], [-64.09578723404256, 46.885636363636365], [-64.12315957446809, 46.885636363636365], [-64.12315957446809, 46.91293181818182]]]}, "properties": {"value": 6.569349765777588}}, {"type": "Feature", "geometry": {"type": "Polygon", "coordinates": [[[-64.09578723404256, 46.91293181818182], [-64.06841489361702, 46.91293181818182], [-64.06841489361702, 46.885636363636365], [-64.09578723404256, 46.885636363636365], [-64.09578723404256, 46.91293181818182]]]}, "properties": {"value": 5.0982513427734375}}, {"type": "Feature", "geometry": {"type": "Polygon", "coordinates": [[[-64.06841489361702, 46.91293181818182], [-64.04104255319149, 46.91293181818182], [-64.04104255319149, 46.885636363636365], [-64.06841489361702, 46.885636363636365], [-64.06841489361702, 46.91293181818182]]]}, "properties": {"value": 6.1819891929626465}}, {"type": "Feature", "geometry": {"type": "Polygon", "coordinates": [[[-64.04104255319149, 46.91293181818182], [-64.01367021276596, 46.91293181818182], [-64.01367021276596, 46.885636363636365], [-64.04104255319149, 46.885636363636365], [-64.04104255319149, 46.91293181818182]]]}, "properties": {"value": 6.255480766296387}}, {"type": "Feature", "geometry": {"type": "Polygon", "coordinates": [[[-64.01367021276596, 46.91293181818182], [-63.98629787234043, 46.91293181818182], [-63.98629787234043, 46.885636363636365], [-64.01367021276596, 46.885636363636365], [-64.01367021276596, 46.91293181818182]]]}, "properties": {"value": 4.971762180328369}}, {"type": "Feature", "geometry": {"type": "Polygon", "coordinates": [[[-63.98629787234043, 46.91293181818182], [-63.95892553191489, 46.91293181818182], [-63.95892553191489, 46.885636363636365], [-63.98629787234043, 46.885636363636365], [-63.98629787234043, 46.91293181818182]]]}, "properties": {"value": 4.141374111175537}}, {"type": "Feature", "geometry": {"type": "Polygon", "coordinates": [[[-64.26002127659575, 46.885636363636365], [-64.23264893617022, 46.885636363636365], [-64.23264893617022, 46.85834090909091], [-64.26002127659575, 46.85834090909091], [-64.26002127659575, 46.885636363636365]]]}, "properties": {"value": 4.671743392944336}}, {"type": "Feature", "geometry": {"type": "Polygon", "coordinates": [[[-64.23264893617022, 46.885636363636365], [-64.20527659574468, 46.885636363636365], [-64.20527659574468, 46.85834090909091], [-64.23264893617022, 46.85834090909091], [-64.23264893617022, 46.885636363636365]]]}, "properties": {"value": 6.391073703765869}}, {"type": "Feature", "geometry": {"type": "Polygon", "coordinates": [[[-64.20527659574468, 46.885636363636365], [-64.17790425531915, 46.885636363636365], [-64.17790425531915, 46.85834090909091], [-64.20527659574468, 46.85834090909091], [-64.20527659574468, 46.885636363636365]]]}, "properties": {"value": 6.45410680770874}}, {"type": "Feature", "geometry": {"type": "Polygon", "coordinates": [[[-64.17790425531915, 46.885636363636365], [-64.15053191489362, 46.885636363636365], [-64.15053191489362, 46.85834090909091], [-64.17790425531915, 46.85834090909091], [-64.17790425531915, 46.885636363636365]]]}, "properties": {"value": 6.45410680770874}}, {"type": "Feature", "geometry": {"type": "Polygon", "coordinates": [[[-64.15053191489362, 46.885636363636365], [-64.12315957446809, 46.885636363636365], [-64.12315957446809, 46.85834090909091], [-64.15053191489362, 46.85834090909091], [-64.15053191489362, 46.885636363636365]]]}, "properties": {"value": 5.289109706878662}}, {"type": "Feature", "geometry": {"type": "Polygon", "coordinates": [[[-64.12315957446809, 46.885636363636365], [-64.09578723404256, 46.885636363636365], [-64.09578723404256, 46.85834090909091], [-64.12315957446809, 46.85834090909091], [-64.12315957446809, 46.885636363636365]]]}, "properties": {"value": 7.066331386566162}}, {"type": "Feature", "geometry": {"type": "Polygon", "coordinates": [[[-64.09578723404256, 46.885636363636365], [-64.06841489361702, 46.885636363636365], [-64.06841489361702, 46.85834090909091], [-64.09578723404256, 46.85834090909091], [-64.09578723404256, 46.885636363636365]]]}, "properties": {"value": 7.066331386566162}}, {"type": "Feature", "geometry": {"type": "Polygon", "coordinates": [[[-64.06841489361702, 46.885636363636365], [-64.04104255319149, 46.885636363636365], [-64.04104255319149, 46.85834090909091], [-64.06841489361702, 46.85834090909091], [-64.06841489361702, 46.885636363636365]]]}, "properties": {"value": 7.188851356506348}}, {"type": "Feature", "geometry": {"type": "Polygon", "coordinates": [[[-64.04104255319149, 46.885636363636365], [-64.01367021276596, 46.885636363636365], [-64.01367021276596, 46.85834090909091], [-64.04104255319149, 46.85834090909091], [-64.04104255319149, 46.885636363636365]]]}, "properties": {"value": 5.944148063659668}}, {"type": "Feature", "geometry": {"type": "Polygon", "coordinates": [[[-64.01367021276596, 46.885636363636365], [-63.98629787234043, 46.885636363636365], [-63.98629787234043, 46.85834090909091], [-64.01367021276596, 46.85834090909091], [-64.01367021276596, 46.885636363636365]]]}, "properties": {"value": 6.012115001678467}}, {"type": "Feature", "geometry": {"type": "Polygon", "coordinates": [[[-63.98629787234043, 46.885636363636365], [-63.95892553191489, 46.885636363636365], [-63.95892553191489, 46.85834090909091], [-63.98629787234043, 46.85834090909091], [-63.98629787234043, 46.885636363636365]]]}, "properties": {"value": 4.650854110717773}}, {"type": "Feature", "geometry": {"type": "Polygon", "coordinates": [[[-64.28739361702128, 46.85834090909091], [-64.26002127659575, 46.85834090909091], [-64.26002127659575, 46.83104545454545], [-64.28739361702128, 46.83104545454545], [-64.28739361702128, 46.85834090909091]]]}, "properties": {"value": 4.339977264404297}}, {"type": "Feature", "geometry": {"type": "Polygon", "coordinates": [[[-64.26002127659575, 46.85834090909091], [-64.23264893617022, 46.85834090909091], [-64.23264893617022, 46.83104545454545], [-64.26002127659575, 46.83104545454545], [-64.26002127659575, 46.85834090909091]]]}, "properties": {"value": 5.45797061920166}}, {"type": "Feature", "geometry": {"type": "Polygon", "coordinates": [[[-64.23264893617022, 46.85834090909091], [-64.20527659574468, 46.85834090909091], [-64.20527659574468, 46.83104545454545], [-64.23264893617022, 46.83104545454545], [-64.23264893617022, 46.85834090909091]]]}, "properties": {"value": 5.254478454589844}}, {"type": "Feature", "geometry": {"type": "Polygon", "coordinates": [[[-64.20527659574468, 46.85834090909091], [-64.17790425531915, 46.85834090909091], [-64.17790425531915, 46.83104545454545], [-64.20527659574468, 46.83104545454545], [-64.20527659574468, 46.85834090909091]]]}, "properties": {"value": 4.993954181671143}}, {"type": "Feature", "geometry": {"type": "Polygon", "coordinates": [[[-64.17790425531915, 46.85834090909091], [-64.15053191489362, 46.85834090909091], [-64.15053191489362, 46.83104545454545], [-64.17790425531915, 46.83104545454545], [-64.17790425531915, 46.85834090909091]]]}, "properties": {"value": 5.0587077140808105}}, {"type": "Feature", "geometry": {"type": "Polygon", "coordinates": [[[-64.15053191489362, 46.85834090909091], [-64.12315957446809, 46.85834090909091], [-64.12315957446809, 46.83104545454545], [-64.15053191489362, 46.83104545454545], [-64.15053191489362, 46.85834090909091]]]}, "properties": {"value": 4.93335485458374}}, {"type": "Feature", "geometry": {"type": "Polygon", "coordinates": [[[-64.12315957446809, 46.85834090909091], [-64.09578723404256, 46.85834090909091], [-64.09578723404256, 46.83104545454545], [-64.12315957446809, 46.83104545454545], [-64.12315957446809, 46.85834090909091]]]}, "properties": {"value": 5.854592323303223}}, {"type": "Feature", "geometry": {"type": "Polygon", "coordinates": [[[-64.09578723404256, 46.85834090909091], [-64.06841489361702, 46.85834090909091], [-64.06841489361702, 46.83104545454545], [-64.09578723404256, 46.83104545454545], [-64.09578723404256, 46.85834090909091]]]}, "properties": {"value": 5.745718479156494}}, {"type": "Feature", "geometry": {"type": "Polygon", "coordinates": [[[-64.06841489361702, 46.85834090909091], [-64.04104255319149, 46.85834090909091], [-64.04104255319149, 46.83104545454545], [-64.06841489361702, 46.83104545454545], [-64.06841489361702, 46.85834090909091]]]}, "properties": {"value": 6.558683395385742}}, {"type": "Feature", "geometry": {"type": "Polygon", "coordinates": [[[-64.04104255319149, 46.85834090909091], [-64.01367021276596, 46.85834090909091], [-64.01367021276596, 46.83104545454545], [-64.04104255319149, 46.83104545454545], [-64.04104255319149, 46.85834090909091]]]}, "properties": {"value": 6.558683395385742}}, {"type": "Feature", "geometry": {"type": "Polygon", "coordinates": [[[-64.01367021276596, 46.85834090909091], [-63.98629787234043, 46.85834090909091], [-63.98629787234043, 46.83104545454545], [-64.01367021276596, 46.83104545454545], [-64.01367021276596, 46.85834090909091]]]}, "properties": {"value": 4.830656051635742}}, {"type": "Feature", "geometry": {"type": "Polygon", "coordinates": [[[-64.31476595744681, 46.83104545454545], [-64.28739361702128, 46.83104545454545], [-64.28739361702128, 46.80375], [-64.31476595744681, 46.80375], [-64.31476595744681, 46.83104545454545]]]}, "properties": {"value": 4.5990424156188965}}, {"type": "Feature", "geometry": {"type": "Polygon", "coordinates": [[[-64.28739361702128, 46.83104545454545], [-64.26002127659575, 46.83104545454545], [-64.26002127659575, 46.80375], [-64.28739361702128, 46.80375], [-64.28739361702128, 46.83104545454545]]]}, "properties": {"value": 4.855440139770508}}, {"type": "Feature", "geometry": {"type": "Polygon", "coordinates": [[[-64.26002127659575, 46.83104545454545], [-64.23264893617022, 46.83104545454545], [-64.23264893617022, 46.80375], [-64.26002127659575, 46.80375], [-64.26002127659575, 46.83104545454545]]]}, "properties": {"value": 6.714911460876465}}, {"type": "Feature", "geometry": {"type": "Polygon", "coordinates": [[[-64.23264893617022, 46.83104545454545], [-64.20527659574468, 46.83104545454545], [-64.20527659574468, 46.80375], [-64.23264893617022, 46.80375], [-64.23264893617022, 46.83104545454545]]]}, "properties": {"value": 4.992720603942871}}, {"type": "Feature", "geometry": {"type": "Polygon", "coordinates": [[[-64.20527659574468, 46.83104545454545], [-64.17790425531915, 46.83104545454545], [-64.17790425531915, 46.80375], [-64.20527659574468, 46.80375], [-64.20527659574468, 46.83104545454545]]]}, "properties": {"value": 4.992720603942871}}, {"type": "Feature", "geometry": {"type": "Polygon", "coordinates": [[[-64.17790425531915, 46.83104545454545], [-64.15053191489362, 46.83104545454545], [-64.15053191489362, 46.80375], [-64.17790425531915, 46.80375], [-64.17790425531915, 46.83104545454545]]]}, "properties": {"value": 4.698009967803955}}, {"type": "Feature", "geometry": {"type": "Polygon", "coordinates": [[[-64.15053191489362, 46.83104545454545], [-64.12315957446809, 46.83104545454545], [-64.12315957446809, 46.80375], [-64.15053191489362, 46.80375], [-64.15053191489362, 46.83104545454545]]]}, "properties": {"value": 4.698009967803955}}, {"type": "Feature", "geometry": {"type": "Polygon", "coordinates": [[[-64.12315957446809, 46.83104545454545], [-64.09578723404256, 46.83104545454545], [-64.09578723404256, 46.80375], [-64.12315957446809, 46.80375], [-64.12315957446809, 46.83104545454545]]]}, "properties": {"value": 4.713553428649902}}, {"type": "Feature", "geometry": {"type": "Polygon", "coordinates": [[[-64.09578723404256, 46.83104545454545], [-64.06841489361702, 46.83104545454545], [-64.06841489361702, 46.80375], [-64.09578723404256, 46.80375], [-64.09578723404256, 46.83104545454545]]]}, "properties": {"value": 6.415215015411377}}, {"type": "Feature", "geometry": {"type": "Polygon", "coordinates": [[[-64.06841489361702, 46.83104545454545], [-64.04104255319149, 46.83104545454545], [-64.04104255319149, 46.80375], [-64.06841489361702, 46.80375], [-64.06841489361702, 46.83104545454545]]]}, "properties": {"value": 6.473282814025879}}, {"type": "Feature", "geometry": {"type": "Polygon", "coordinates": [[[-64.04104255319149, 46.83104545454545], [-64.01367021276596, 46.83104545454545], [-64.01367021276596, 46.80375], [-64.04104255319149, 46.80375], [-64.04104255319149, 46.83104545454545]]]}, "properties": {"value": 4.905272960662842}}, {"type": "Feature", "geometry": {"type": "Polygon", "coordinates": [[[-64.34213829787234, 46.80375], [-64.31476595744681, 46.80375], [-64.31476595744681, 46.77645454545455], [-64.34213829787234, 46.77645454545455], [-64.34213829787234, 46.80375]]]}, "properties": {"value": 4.5996785163879395}}, {"type": "Feature", "geometry": {"type": "Polygon", "coordinates": [[[-64.31476595744681, 46.80375], [-64.28739361702128, 46.80375], [-64.28739361702128, 46.77645454545455], [-64.31476595744681, 46.77645454545455], [-64.31476595744681, 46.80375]]]}, "properties": {"value": 4.5996785163879395}}, {"type": "Feature", "geometry": {"type": "Polygon", "coordinates": [[[-64.28739361702128, 46.80375], [-64.26002127659575, 46.80375], [-64.26002127659575, 46.77645454545455], [-64.28739361702128, 46.77645454545455], [-64.28739361702128, 46.80375]]]}, "properties": {"value": 6.598735809326172}}, {"type": "Feature", "geometry": {"type": "Polygon", "coordinates": [[[-64.26002127659575, 46.80375], [-64.23264893617022, 46.80375], [-64.23264893617022, 46.77645454545455], [-64.26002127659575, 46.77645454545455], [-64.26002127659575, 46.80375]]]}, "properties": {"value": 5.066528797149658}}, {"type": "Feature", "geometry": {"type": "Polygon", "coordinates": [[[-64.23264893617022, 46.80375], [-64.20527659574468, 46.80375], [-64.20527659574468, 46.77645454545455], [-64.23264893617022, 46.77645454545455], [-64.23264893617022, 46.80375]]]}, "properties": {"value": 5.491814136505127}}, {"type": "Feature", "geometry": {"type": "Polygon", "coordinates": [[[-64.20527659574468, 46.80375], [-64.17790425531915, 46.80375], [-64.17790425531915, 46.77645454545455], [-64.20527659574468, 46.77645454545455], [-64.20527659574468, 46.80375]]]}, "properties": {"value": 5.72343111038208}}, {"type": "Feature", "geometry": {"type": "Polygon", "coordinates": [[[-64.17790425531915, 46.80375], [-64.15053191489362, 46.80375], [-64.15053191489362, 46.77645454545455], [-64.17790425531915, 46.77645454545455], [-64.17790425531915, 46.80375]]]}, "properties": {"value": 5.796203136444092}}, {"type": "Feature", "geometry": {"type": "Polygon", "coordinates": [[[-64.15053191489362, 46.80375], [-64.12315957446809, 46.80375], [-64.12315957446809, 46.77645454545455], [-64.15053191489362, 46.77645454545455], [-64.15053191489362, 46.80375]]]}, "properties": {"value": 5.796203136444092}}, {"type": "Feature", "geometry": {"type": "Polygon", "coordinates": [[[-64.12315957446809, 46.80375], [-64.09578723404256, 46.80375], [-64.09578723404256, 46.77645454545455], [-64.12315957446809, 46.77645454545455], [-64.12315957446809, 46.80375]]]}, "properties": {"value": 5.5810346603393555}}, {"type": "Feature", "geometry": {"type": "Polygon", "coordinates": [[[-64.09578723404256, 46.80375], [-64.06841489361702, 46.80375], [-64.06841489361702, 46.77645454545455], [-64.09578723404256, 46.77645454545455], [-64.09578723404256, 46.80375]]]}, "properties": {"value": 4.047877788543701}}, {"type": "Feature", "geometry": {"type": "Polygon", "coordinates": [[[-64.06841489361702, 46.80375], [-64.04104255319149, 46.80375], [-64.04104255319149, 46.77645454545455], [-64.06841489361702, 46.77645454545455], [-64.06841489361702, 46.80375]]]}, "properties": {"value": 4.5436906814575195}}, {"type": "Feature", "geometry": {"type": "Polygon", "coordinates": [[[-64.04104255319149, 46.80375], [-64.01367021276596, 46.80375], [-64.01367021276596, 46.77645454545455], [-64.04104255319149, 46.77645454545455], [-64.04104255319149, 46.80375]]]}, "properties": {"value": 4.8272318840026855}}, {"type": "Feature", "geometry": {"type": "Polygon", "coordinates": [[[-64.36951063829787, 46.77645454545455], [-64.34213829787234, 46.77645454545455], [-64.34213829787234, 46.74915909090909], [-64.36951063829787, 46.74915909090909], [-64.36951063829787, 46.77645454545455]]]}, "properties": {"value": 4.950051307678223}}, {"type": "Feature", "geometry": {"type": "Polygon", "coordinates": [[[-64.34213829787234, 46.77645454545455], [-64.31476595744681, 46.77645454545455], [-64.31476595744681, 46.74915909090909], [-64.34213829787234, 46.74915909090909], [-64.34213829787234, 46.77645454545455]]]}, "properties": {"value": 5.661022663116455}}, {"type": "Feature", "geometry": {"type": "Polygon", "coordinates": [[[-64.31476595744681, 46.77645454545455], [-64.28739361702128, 46.77645454545455], [-64.28739361702128, 46.74915909090909], [-64.31476595744681, 46.74915909090909], [-64.31476595744681, 46.77645454545455]]]}, "properties": {"value": 5.502004623413086}}, {"type": "Feature", "geometry": {"type": "Polygon", "coordinates": [[[-64.28739361702128, 46.77645454545455], [-64.26002127659575, 46.77645454545455], [-64.26002127659575, 46.74915909090909], [-64.28739361702128, 46.74915909090909], [-64.28739361702128, 46.77645454545455]]]}, "properties": {"value": 5.33729887008667}}, {"type": "Feature", "geometry": {"type": "Polygon", "coordinates": [[[-64.26002127659575, 46.77645454545455], [-64.23264893617022, 46.77645454545455], [-64.23264893617022, 46.74915909090909], [-64.26002127659575, 46.74915909090909], [-64.26002127659575, 46.77645454545455]]]}, "properties": {"value": 5.33729887008667}}, {"type": "Feature", "geometry": {"type": "Polygon", "coordinates": [[[-64.23264893617022, 46.77645454545455], [-64.20527659574468, 46.77645454545455], [-64.20527659574468, 46.74915909090909], [-64.23264893617022, 46.74915909090909], [-64.23264893617022, 46.77645454545455]]]}, "properties": {"value": 6.21608304977417}}, {"type": "Feature", "geometry": {"type": "Polygon", "coordinates": [[[-64.20527659574468, 46.77645454545455], [-64.17790425531915, 46.77645454545455], [-64.17790425531915, 46.74915909090909], [-64.20527659574468, 46.74915909090909], [-64.20527659574468, 46.77645454545455]]]}, "properties": {"value": 5.400074005126953}}, {"type": "Feature", "geometry": {"type": "Polygon", "coordinates": [[[-64.17790425531915, 46.77645454545455], [-64.15053191489362, 46.77645454545455], [-64.15053191489362, 46.74915909090909], [-64.17790425531915, 46.74915909090909], [-64.17790425531915, 46.77645454545455]]]}, "properties": {"value": 5.925649642944336}}, {"type": "Feature", "geometry": {"type": "Polygon", "coordinates": [[[-64.15053191489362, 46.77645454545455], [-64.12315957446809, 46.77645454545455], [-64.12315957446809, 46.74915909090909], [-64.15053191489362, 46.74915909090909], [-64.15053191489362, 46.77645454545455]]]}, "properties": {"value": 6.531354904174805}}, {"type": "Feature", "geometry": {"type": "Polygon", "coordinates": [[[-64.12315957446809, 46.77645454545455], [-64.09578723404256, 46.77645454545455], [-64.09578723404256, 46.74915909090909], [-64.12315957446809, 46.74915909090909], [-64.12315957446809, 46.77645454545455]]]}, "properties": {"value": 5.265089511871338}}, {"type": "Feature", "geometry": {"type": "Polygon", "coordinates": [[[-64.09578723404256, 46.77645454545455], [-64.06841489361702, 46.77645454545455], [-64.06841489361702, 46.74915909090909], [-64.09578723404256, 46.74915909090909], [-64.09578723404256, 46.77645454545455]]]}, "properties": {"value": 5.265089511871338}}, {"type": "Feature", "geometry": {"type": "Polygon", "coordinates": [[[-64.04104255319149, 46.77645454545455], [-64.01367021276596, 46.77645454545455], [-64.01367021276596, 46.74915909090909], [-64.04104255319149, 46.74915909090909], [-64.04104255319149, 46.77645454545455]]]}, "properties": {"value": 3.437682628631592}}, {"type": "Feature", "geometry": {"type": "Polygon", "coordinates": [[[-64.01367021276596, 46.77645454545455], [-63.98629787234043, 46.77645454545455], [-63.98629787234043, 46.74915909090909], [-64.01367021276596, 46.74915909090909], [-64.01367021276596, 46.77645454545455]]]}, "properties": {"value": 5.142459869384766}}, {"type": "Feature", "geometry": {"type": "Polygon", "coordinates": [[[-64.42425531914894, 46.74915909090909], [-64.39688297872341, 46.74915909090909], [-64.39688297872341, 46.721863636363636], [-64.42425531914894, 46.721863636363636], [-64.42425531914894, 46.74915909090909]]]}, "properties": {"value": 3.9935247898101807}}, {"type": "Feature", "geometry": {"type": "Polygon", "coordinates": [[[-64.39688297872341, 46.74915909090909], [-64.36951063829787, 46.74915909090909], [-64.36951063829787, 46.721863636363636], [-64.39688297872341, 46.721863636363636], [-64.39688297872341, 46.74915909090909]]]}, "properties": {"value": 5.063028335571289}}, {"type": "Feature", "geometry": {"type": "Polygon", "coordinates": [[[-64.36951063829787, 46.74915909090909], [-64.34213829787234, 46.74915909090909], [-64.34213829787234, 46.721863636363636], [-64.36951063829787, 46.721863636363636], [-64.36951063829787, 46.74915909090909]]]}, "properties": {"value": 5.386972904205322}}, {"type": "Feature", "geometry": {"type": "Polygon", "coordinates": [[[-64.34213829787234, 46.74915909090909], [-64.31476595744681, 46.74915909090909], [-64.31476595744681, 46.721863636363636], [-64.34213829787234, 46.721863636363636], [-64.34213829787234, 46.74915909090909]]]}, "properties": {"value": 6.1411566734313965}}, {"type": "Feature", "geometry": {"type": "Polygon", "coordinates": [[[-64.31476595744681, 46.74915909090909], [-64.28739361702128, 46.74915909090909], [-64.28739361702128, 46.721863636363636], [-64.31476595744681, 46.721863636363636], [-64.31476595744681, 46.74915909090909]]]}, "properties": {"value": 4.846584796905518}}, {"type": "Feature", "geometry": {"type": "Polygon", "coordinates": [[[-64.28739361702128, 46.74915909090909], [-64.26002127659575, 46.74915909090909], [-64.26002127659575, 46.721863636363636], [-64.28739361702128, 46.721863636363636], [-64.28739361702128, 46.74915909090909]]]}, "properties": {"value": 4.876115322113037}}, {"type": "Feature", "geometry": {"type": "Polygon", "coordinates": [[[-64.26002127659575, 46.74915909090909], [-64.23264893617022, 46.74915909090909], [-64.23264893617022, 46.721863636363636], [-64.26002127659575, 46.721863636363636], [-64.26002127659575, 46.74915909090909]]]}, "properties": {"value": 4.876115322113037}}, {"type": "Feature", "geometry": {"type": "Polygon", "coordinates": [[[-64.23264893617022, 46.74915909090909], [-64.20527659574468, 46.74915909090909], [-64.20527659574468, 46.721863636363636], [-64.23264893617022, 46.721863636363636], [-64.23264893617022, 46.74915909090909]]]}, "properties": {"value": 6.226445198059082}}, {"type": "Feature", "geometry": {"type": "Polygon", "coordinates": [[[-64.20527659574468, 46.74915909090909], [-64.17790425531915, 46.74915909090909], [-64.17790425531915, 46.721863636363636], [-64.20527659574468, 46.721863636363636], [-64.20527659574468, 46.74915909090909]]]}, "properties": {"value": 6.226445198059082}}, {"type": "Feature", "geometry": {"type": "Polygon", "coordinates": [[[-64.17790425531915, 46.74915909090909], [-64.15053191489362, 46.74915909090909], [-64.15053191489362, 46.721863636363636], [-64.17790425531915, 46.721863636363636], [-64.17790425531915, 46.74915909090909]]]}, "properties": {"value": 6.99214506149292}}, {"type": "Feature", "geometry": {"type": "Polygon", "coordinates": [[[-64.15053191489362, 46.74915909090909], [-64.12315957446809, 46.74915909090909], [-64.12315957446809, 46.721863636363636], [-64.15053191489362, 46.721863636363636], [-64.15053191489362, 46.74915909090909]]]}, "properties": {"value": 6.6460862159729}}, {"type": "Feature", "geometry": {"type": "Polygon", "coordinates": [[[-64.12315957446809, 46.74915909090909], [-64.09578723404256, 46.74915909090909], [-64.09578723404256, 46.721863636363636], [-64.12315957446809, 46.721863636363636], [-64.12315957446809, 46.74915909090909]]]}, "properties": {"value": 6.210688591003418}}, {"type": "Feature", "geometry": {"type": "Polygon", "coordinates": [[[-64.09578723404256, 46.74915909090909], [-64.06841489361702, 46.74915909090909], [-64.06841489361702, 46.721863636363636], [-64.09578723404256, 46.721863636363636], [-64.09578723404256, 46.74915909090909]]]}, "properties": {"value": 6.155911922454834}}, {"type": "Feature", "geometry": {"type": "Polygon", "coordinates": [[[-64.06841489361702, 46.74915909090909], [-64.04104255319149, 46.74915909090909], [-64.04104255319149, 46.721863636363636], [-64.06841489361702, 46.721863636363636], [-64.06841489361702, 46.74915909090909]]]}, "properties": {"value": 3.910916566848755}}, {"type": "Feature", "geometry": {"type": "Polygon", "coordinates": [[[-64.04104255319149, 46.74915909090909], [-64.01367021276596, 46.74915909090909], [-64.01367021276596, 46.721863636363636], [-64.04104255319149, 46.721863636363636], [-64.04104255319149, 46.74915909090909]]]}, "properties": {"value": 3.910916566848755}}, {"type": "Feature", "geometry": {"type": "Polygon", "coordinates": [[[-64.01367021276596, 46.74915909090909], [-63.98629787234043, 46.74915909090909], [-63.98629787234043, 46.721863636363636], [-64.01367021276596, 46.721863636363636], [-64.01367021276596, 46.74915909090909]]]}, "properties": {"value": 4.735893726348877}}, {"type": "Feature", "geometry": {"type": "Polygon", "coordinates": [[[-63.98629787234043, 46.74915909090909], [-63.95892553191489, 46.74915909090909], [-63.95892553191489, 46.721863636363636], [-63.98629787234043, 46.721863636363636], [-63.98629787234043, 46.74915909090909]]]}, "properties": {"value": 5.516515254974365}}, {"type": "Feature", "geometry": {"type": "Polygon", "coordinates": [[[-64.42425531914894, 46.721863636363636], [-64.39688297872341, 46.721863636363636], [-64.39688297872341, 46.694568181818184], [-64.42425531914894, 46.694568181818184], [-64.42425531914894, 46.721863636363636]]]}, "properties": {"value": 5.019218921661377}}, {"type": "Feature", "geometry": {"type": "Polygon", "coordinates": [[[-64.39688297872341, 46.721863636363636], [-64.36951063829787, 46.721863636363636], [-64.36951063829787, 46.694568181818184], [-64.39688297872341, 46.694568181818184], [-64.39688297872341, 46.721863636363636]]]}, "properties": {"value": 6.762781143188477}}, {"type": "Feature", "geometry": {"type": "Polygon", "coordinates": [[[-64.36951063829787, 46.721863636363636], [-64.34213829787234, 46.721863636363636], [-64.34213829787234, 46.694568181818184], [-64.36951063829787, 46.694568181818184], [-64.36951063829787, 46.721863636363636]]]}, "properties": {"value": 6.762781143188477}}, {"type": "Feature", "geometry": {"type": "Polygon", "coordinates": [[[-64.34213829787234, 46.721863636363636], [-64.31476595744681, 46.721863636363636], [-64.31476595744681, 46.694568181818184], [-64.34213829787234, 46.694568181818184], [-64.34213829787234, 46.721863636363636]]]}, "properties": {"value": 4.079339504241943}}, {"type": "Feature", "geometry": {"type": "Polygon", "coordinates": [[[-64.31476595744681, 46.721863636363636], [-64.28739361702128, 46.721863636363636], [-64.28739361702128, 46.694568181818184], [-64.31476595744681, 46.694568181818184], [-64.31476595744681, 46.721863636363636]]]}, "properties": {"value": 4.924391746520996}}, {"type": "Feature", "geometry": {"type": "Polygon", "coordinates": [[[-64.28739361702128, 46.721863636363636], [-64.26002127659575, 46.721863636363636], [-64.26002127659575, 46.694568181818184], [-64.28739361702128, 46.694568181818184], [-64.28739361702128, 46.721863636363636]]]}, "properties": {"value": 5.710194110870361}}, {"type": "Feature", "geometry": {"type": "Polygon", "coordinates": [[[-64.26002127659575, 46.721863636363636], [-64.23264893617022, 46.721863636363636], [-64.23264893617022, 46.694568181818184], [-64.26002127659575, 46.694568181818184], [-64.26002127659575, 46.721863636363636]]]}, "properties": {"value": 5.857585906982422}}, {"type": "Feature", "geometry": {"type": "Polygon", "coordinates": [[[-64.23264893617022, 46.721863636363636], [-64.20527659574468, 46.721863636363636], [-64.20527659574468, 46.694568181818184], [-64.23264893617022, 46.694568181818184], [-64.23264893617022, 46.721863636363636]]]}, "properties": {"value": 4.8579325675964355}}, {"type": "Feature", "geometry": {"type": "Polygon", "coordinates": [[[-64.20527659574468, 46.721863636363636], [-64.17790425531915, 46.721863636363636], [-64.17790425531915, 46.694568181818184], [-64.20527659574468, 46.694568181818184], [-64.20527659574468, 46.721863636363636]]]}, "properties": {"value": 4.8579325675964355}}, {"type": "Feature", "geometry": {"type": "Polygon", "coordinates": [[[-64.17790425531915, 46.721863636363636], [-64.15053191489362, 46.721863636363636], [-64.15053191489362, 46.694568181818184], [-64.17790425531915, 46.694568181818184], [-64.17790425531915, 46.721863636363636]]]}, "properties": {"value": 5.003122329711914}}, {"type": "Feature", "geometry": {"type": "Polygon", "coordinates": [[[-64.15053191489362, 46.721863636363636], [-64.12315957446809, 46.721863636363636], [-64.12315957446809, 46.694568181818184], [-64.15053191489362, 46.694568181818184], [-64.15053191489362, 46.721863636363636]]]}, "properties": {"value": 5.996150493621826}}, {"type": "Feature", "geometry": {"type": "Polygon", "coordinates": [[[-64.12315957446809, 46.721863636363636], [-64.09578723404256, 46.721863636363636], [-64.09578723404256, 46.694568181818184], [-64.12315957446809, 46.694568181818184], [-64.12315957446809, 46.721863636363636]]]}, "properties": {"value": 6.263387203216553}}, {"type": "Feature", "geometry": {"type": "Polygon", "coordinates": [[[-64.09578723404256, 46.721863636363636], [-64.06841489361702, 46.721863636363636], [-64.06841489361702, 46.694568181818184], [-64.09578723404256, 46.694568181818184], [-64.09578723404256, 46.721863636363636]]]}, "properties": {"value": 3.6008880138397217}}, {"type": "Feature", "geometry": {"type": "Polygon", "coordinates": [[[-64.06841489361702, 46.721863636363636], [-64.04104255319149, 46.721863636363636], [-64.04104255319149, 46.694568181818184], [-64.06841489361702, 46.694568181818184], [-64.06841489361702, 46.721863636363636]]]}, "properties": {"value": 4.327249526977539}}, {"type": "Feature", "geometry": {"type": "Polygon", "coordinates": [[[-64.04104255319149, 46.721863636363636], [-64.01367021276596, 46.721863636363636], [-64.01367021276596, 46.694568181818184], [-64.04104255319149, 46.694568181818184], [-64.04104255319149, 46.721863636363636]]]}, "properties": {"value": 4.8629279136657715}}, {"type": "Feature", "geometry": {"type": "Polygon", "coordinates": [[[-64.01367021276596, 46.721863636363636], [-63.98629787234043, 46.721863636363636], [-63.98629787234043, 46.694568181818184], [-64.01367021276596, 46.694568181818184], [-64.01367021276596, 46.721863636363636]]]}, "properties": {"value": 7.082345485687256}}, {"type": "Feature", "geometry": {"type": "Polygon", "coordinates": [[[-63.98629787234043, 46.721863636363636], [-63.95892553191489, 46.721863636363636], [-63.95892553191489, 46.694568181818184], [-63.98629787234043, 46.694568181818184], [-63.98629787234043, 46.721863636363636]]]}, "properties": {"value": 7.082345485687256}}, {"type": "Feature", "geometry": {"type": "Polygon", "coordinates": [[[-63.95892553191489, 46.721863636363636], [-63.931553191489364, 46.721863636363636], [-63.931553191489364, 46.694568181818184], [-63.95892553191489, 46.694568181818184], [-63.95892553191489, 46.721863636363636]]]}, "properties": {"value": 4.965503215789795}}, {"type": "Feature", "geometry": {"type": "Polygon", "coordinates": [[[-64.42425531914894, 46.694568181818184], [-64.39688297872341, 46.694568181818184], [-64.39688297872341, 46.66727272727273], [-64.42425531914894, 46.66727272727273], [-64.42425531914894, 46.694568181818184]]]}, "properties": {"value": 5.244050025939941}}, {"type": "Feature", "geometry": {"type": "Polygon", "coordinates": [[[-64.39688297872341, 46.694568181818184], [-64.36951063829787, 46.694568181818184], [-64.36951063829787, 46.66727272727273], [-64.39688297872341, 46.66727272727273], [-64.39688297872341, 46.694568181818184]]]}, "properties": {"value": 6.411186695098877}}, {"type": "Feature", "geometry": {"type": "Polygon", "coordinates": [[[-64.36951063829787, 46.694568181818184], [-64.34213829787234, 46.694568181818184], [-64.34213829787234, 46.66727272727273], [-64.36951063829787, 46.66727272727273], [-64.36951063829787, 46.694568181818184]]]}, "properties": {"value": 5.848695278167725}}, {"type": "Feature", "geometry": {"type": "Polygon", "coordinates": [[[-64.34213829787234, 46.694568181818184], [-64.31476595744681, 46.694568181818184], [-64.31476595744681, 46.66727272727273], [-64.34213829787234, 46.66727272727273], [-64.34213829787234, 46.694568181818184]]]}, "properties": {"value": 4.961396217346191}}, {"type": "Feature", "geometry": {"type": "Polygon", "coordinates": [[[-64.31476595744681, 46.694568181818184], [-64.28739361702128, 46.694568181818184], [-64.28739361702128, 46.66727272727273], [-64.31476595744681, 46.66727272727273], [-64.31476595744681, 46.694568181818184]]]}, "properties": {"value": 4.961396217346191}}, {"type": "Feature", "geometry": {"type": "Polygon", "coordinates": [[[-64.28739361702128, 46.694568181818184], [-64.26002127659575, 46.694568181818184], [-64.26002127659575, 46.66727272727273], [-64.28739361702128, 46.66727272727273], [-64.28739361702128, 46.694568181818184]]]}, "properties": {"value": 5.98911714553833}}, {"type": "Feature", "geometry": {"type": "Polygon", "coordinates": [[[-64.26002127659575, 46.694568181818184], [-64.23264893617022, 46.694568181818184], [-64.23264893617022, 46.66727272727273], [-64.26002127659575, 46.66727272727273], [-64.26002127659575, 46.694568181818184]]]}, "properties": {"value": 5.145870685577393}}, {"type": "Feature", "geometry": {"type": "Polygon", "coordinates": [[[-64.23264893617022, 46.694568181818184], [-64.20527659574468, 46.694568181818184], [-64.20527659574468, 46.66727272727273], [-64.23264893617022, 46.66727272727273], [-64.23264893617022, 46.694568181818184]]]}, "properties": {"value": 5.964691162109375}}, {"type": "Feature", "geometry": {"type": "Polygon", "coordinates": [[[-64.20527659574468, 46.694568181818184], [-64.17790425531915, 46.694568181818184], [-64.17790425531915, 46.66727272727273], [-64.20527659574468, 46.66727272727273], [-64.20527659574468, 46.694568181818184]]]}, "properties": {"value": 4.51123571395874}}, {"type": "Feature", "geometry": {"type": "Polygon", "coordinates": [[[-64.17790425531915, 46.694568181818184], [-64.15053191489362, 46.694568181818184], [-64.15053191489362, 46.66727272727273], [-64.17790425531915, 46.66727272727273], [-64.17790425531915, 46.694568181818184]]]}, "properties": {"value": 5.01589298248291}}, {"type": "Feature", "geometry": {"type": "Polygon", "coordinates": [[[-64.15053191489362, 46.694568181818184], [-64.12315957446809, 46.694568181818184], [-64.12315957446809, 46.66727272727273], [-64.15053191489362, 46.66727272727273], [-64.15053191489362, 46.694568181818184]]]}, "properties": {"value": 5.01589298248291}}, {"type": "Feature", "geometry": {"type": "Polygon", "coordinates": [[[-64.12315957446809, 46.694568181818184], [-64.09578723404256, 46.694568181818184], [-64.09578723404256, 46.66727272727273], [-64.12315957446809, 46.66727272727273], [-64.12315957446809, 46.694568181818184]]]}, "properties": {"value": 3.9638214111328125}}, {"type": "Feature", "geometry": {"type": "Polygon", "coordinates": [[[-64.09578723404256, 46.694568181818184], [-64.06841489361702, 46.694568181818184], [-64.06841489361702, 46.66727272727273], [-64.09578723404256, 46.66727272727273], [-64.09578723404256, 46.694568181818184]]]}, "properties": {"value": 4.439061641693115}}, {"type": "Feature", "geometry": {"type": "Polygon", "coordinates": [[[-64.06841489361702, 46.694568181818184], [-64.04104255319149, 46.694568181818184], [-64.04104255319149, 46.66727272727273], [-64.06841489361702, 46.66727272727273], [-64.06841489361702, 46.694568181818184]]]}, "properties": {"value": 4.496488571166992}}, {"type": "Feature", "geometry": {"type": "Polygon", "coordinates": [[[-64.04104255319149, 46.694568181818184], [-64.01367021276596, 46.694568181818184], [-64.01367021276596, 46.66727272727273], [-64.04104255319149, 46.66727272727273], [-64.04104255319149, 46.694568181818184]]]}, "properties": {"value": 4.873681545257568}}, {"type": "Feature", "geometry": {"type": "Polygon", "coordinates": [[[-64.01367021276596, 46.694568181818184], [-63.98629787234043, 46.694568181818184], [-63.98629787234043, 46.66727272727273], [-64.01367021276596, 46.66727272727273], [-64.01367021276596, 46.694568181818184]]]}, "properties": {"value": 5.37673282623291}}, {"type": "Feature", "geometry": {"type": "Polygon", "coordinates": [[[-63.98629787234043, 46.694568181818184], [-63.95892553191489, 46.694568181818184], [-63.95892553191489, 46.66727272727273], [-63.98629787234043, 46.66727272727273], [-63.98629787234043, 46.694568181818184]]]}, "properties": {"value": 5.803607940673828}}, {"type": "Feature", "geometry": {"type": "Polygon", "coordinates": [[[-63.95892553191489, 46.694568181818184], [-63.931553191489364, 46.694568181818184], [-63.931553191489364, 46.66727272727273], [-63.95892553191489, 46.66727272727273], [-63.95892553191489, 46.694568181818184]]]}, "properties": {"value": 5.041275501251221}}, {"type": "Feature", "geometry": {"type": "Polygon", "coordinates": [[[-63.931553191489364, 46.694568181818184], [-63.904180851063835, 46.694568181818184], [-63.904180851063835, 46.66727272727273], [-63.931553191489364, 46.66727272727273], [-63.931553191489364, 46.694568181818184]]]}, "properties": {"value": 4.407373905181885}}, {"type": "Feature", "geometry": {"type": "Polygon", "coordinates": [[[-63.904180851063835, 46.694568181818184], [-63.8768085106383, 46.694568181818184], [-63.8768085106383, 46.66727272727273], [-63.904180851063835, 46.66727272727273], [-63.904180851063835, 46.694568181818184]]]}, "properties": {"value": 2.776196002960205}}, {"type": "Feature", "geometry": {"type": "Polygon", "coordinates": [[[-64.42425531914894, 46.66727272727273], [-64.39688297872341, 46.66727272727273], [-64.39688297872341, 46.63997727272727], [-64.42425531914894, 46.63997727272727], [-64.42425531914894, 46.66727272727273]]]}, "properties": {"value": 5.355231761932373}}, {"type": "Feature", "geometry": {"type": "Polygon", "coordinates": [[[-64.39688297872341, 46.66727272727273], [-64.36951063829787, 46.66727272727273], [-64.36951063829787, 46.63997727272727], [-64.39688297872341, 46.63997727272727], [-64.39688297872341, 46.66727272727273]]]}, "properties": {"value": 5.901946544647217}}, {"type": "Feature", "geometry": {"type": "Polygon", "coordinates": [[[-64.36951063829787, 46.66727272727273], [-64.34213829787234, 46.66727272727273], [-64.34213829787234, 46.63997727272727], [-64.36951063829787, 46.63997727272727], [-64.36951063829787, 46.66727272727273]]]}, "properties": {"value": 5.053870677947998}}, {"type": "Feature", "geometry": {"type": "Polygon", "coordinates": [[[-64.34213829787234, 46.66727272727273], [-64.31476595744681, 46.66727272727273], [-64.31476595744681, 46.63997727272727], [-64.34213829787234, 46.63997727272727], [-64.34213829787234, 46.66727272727273]]]}, "properties": {"value": 4.793829917907715}}, {"type": "Feature", "geometry": {"type": "Polygon", "coordinates": [[[-64.31476595744681, 46.66727272727273], [-64.28739361702128, 46.66727272727273], [-64.28739361702128, 46.63997727272727], [-64.31476595744681, 46.63997727272727], [-64.31476595744681, 46.66727272727273]]]}, "properties": {"value": 5.062710762023926}}, {"type": "Feature", "geometry": {"type": "Polygon", "coordinates": [[[-64.28739361702128, 46.66727272727273], [-64.26002127659575, 46.66727272727273], [-64.26002127659575, 46.63997727272727], [-64.28739361702128, 46.63997727272727], [-64.28739361702128, 46.66727272727273]]]}, "properties": {"value": 5.019234657287598}}, {"type": "Feature", "geometry": {"type": "Polygon", "coordinates": [[[-64.26002127659575, 46.66727272727273], [-64.23264893617022, 46.66727272727273], [-64.23264893617022, 46.63997727272727], [-64.26002127659575, 46.63997727272727], [-64.26002127659575, 46.66727272727273]]]}, "properties": {"value": 5.019234657287598}}, {"type": "Feature", "geometry": {"type": "Polygon", "coordinates": [[[-64.23264893617022, 46.66727272727273], [-64.20527659574468, 46.66727272727273], [-64.20527659574468, 46.63997727272727], [-64.23264893617022, 46.63997727272727], [-64.23264893617022, 46.66727272727273]]]}, "properties": {"value": 5.0121660232543945}}, {"type": "Feature", "geometry": {"type": "Polygon", "coordinates": [[[-64.20527659574468, 46.66727272727273], [-64.17790425531915, 46.66727272727273], [-64.17790425531915, 46.63997727272727], [-64.20527659574468, 46.63997727272727], [-64.20527659574468, 46.66727272727273]]]}, "properties": {"value": 4.175974369049072}}, {"type": "Feature", "geometry": {"type": "Polygon", "coordinates": [[[-64.17790425531915, 46.66727272727273], [-64.15053191489362, 46.66727272727273], [-64.15053191489362, 46.63997727272727], [-64.17790425531915, 46.63997727272727], [-64.17790425531915, 46.66727272727273]]]}, "properties": {"value": 4.283284664154053}}, {"type": "Feature", "geometry": {"type": "Polygon", "coordinates": [[[-64.15053191489362, 46.66727272727273], [-64.12315957446809, 46.66727272727273], [-64.12315957446809, 46.63997727272727], [-64.15053191489362, 46.63997727272727], [-64.15053191489362, 46.66727272727273]]]}, "properties": {"value": 4.121731281280518}}, {"type": "Feature", "geometry": {"type": "Polygon", "coordinates": [[[-64.12315957446809, 46.66727272727273], [-64.09578723404256, 46.66727272727273], [-64.09578723404256, 46.63997727272727], [-64.12315957446809, 46.63997727272727], [-64.12315957446809, 46.66727272727273]]]}, "properties": {"value": 3.796663284301758}}, {"type": "Feature", "geometry": {"type": "Polygon", "coordinates": [[[-64.09578723404256, 46.66727272727273], [-64.06841489361702, 46.66727272727273], [-64.06841489361702, 46.63997727272727], [-64.09578723404256, 46.63997727272727], [-64.09578723404256, 46.66727272727273]]]}, "properties": {"value": 3.796663284301758}}, {"type": "Feature", "geometry": {"type": "Polygon", "coordinates": [[[-64.06841489361702, 46.66727272727273], [-64.04104255319149, 46.66727272727273], [-64.04104255319149, 46.63997727272727], [-64.06841489361702, 46.63997727272727], [-64.06841489361702, 46.66727272727273]]]}, "properties": {"value": 4.983476161956787}}, {"type": "Feature", "geometry": {"type": "Polygon", "coordinates": [[[-64.04104255319149, 46.66727272727273], [-64.01367021276596, 46.66727272727273], [-64.01367021276596, 46.63997727272727], [-64.04104255319149, 46.63997727272727], [-64.04104255319149, 46.66727272727273]]]}, "properties": {"value": 4.493381023406982}}, {"type": "Feature", "geometry": {"type": "Polygon", "coordinates": [[[-64.01367021276596, 46.66727272727273], [-63.98629787234043, 46.66727272727273], [-63.98629787234043, 46.63997727272727], [-64.01367021276596, 46.63997727272727], [-64.01367021276596, 46.66727272727273]]]}, "properties": {"value": 4.493381023406982}}, {"type": "Feature", "geometry": {"type": "Polygon", "coordinates": [[[-63.98629787234043, 46.66727272727273], [-63.95892553191489, 46.66727272727273], [-63.95892553191489, 46.63997727272727], [-63.98629787234043, 46.63997727272727], [-63.98629787234043, 46.66727272727273]]]}, "properties": {"value": 5.5916242599487305}}, {"type": "Feature", "geometry": {"type": "Polygon", "coordinates": [[[-63.95892553191489, 46.66727272727273], [-63.931553191489364, 46.66727272727273], [-63.931553191489364, 46.63997727272727], [-63.95892553191489, 46.63997727272727], [-63.95892553191489, 46.66727272727273]]]}, "properties": {"value": 4.4190826416015625}}, {"type": "Feature", "geometry": {"type": "Polygon", "coordinates": [[[-63.931553191489364, 46.66727272727273], [-63.904180851063835, 46.66727272727273], [-63.904180851063835, 46.63997727272727], [-63.931553191489364, 46.63997727272727], [-63.931553191489364, 46.66727272727273]]]}, "properties": {"value": 3.5119142532348633}}, {"type": "Feature", "geometry": {"type": "Polygon", "coordinates": [[[-63.904180851063835, 46.66727272727273], [-63.8768085106383, 46.66727272727273], [-63.8768085106383, 46.63997727272727], [-63.904180851063835, 46.63997727272727], [-63.904180851063835, 46.66727272727273]]]}, "properties": {"value": 2.6116621494293213}}, {"type": "Feature", "geometry": {"type": "Polygon", "coordinates": [[[-63.8768085106383, 46.66727272727273], [-63.84943617021277, 46.66727272727273], [-63.84943617021277, 46.63997727272727], [-63.8768085106383, 46.63997727272727], [-63.8768085106383, 46.66727272727273]]]}, "properties": {"value": 2.1548569202423096}}, {"type": "Feature", "geometry": {"type": "Polygon", "coordinates": [[[-63.84943617021277, 46.66727272727273], [-63.82206382978723, 46.66727272727273], [-63.82206382978723, 46.63997727272727], [-63.84943617021277, 46.63997727272727], [-63.84943617021277, 46.66727272727273]]]}, "properties": {"value": 2.1548569202423096}}, {"type": "Feature", "geometry": {"type": "Polygon", "coordinates": [[[-64.42425531914894, 46.63997727272727], [-64.39688297872341, 46.63997727272727], [-64.39688297872341, 46.61268181818182], [-64.42425531914894, 46.61268181818182], [-64.42425531914894, 46.63997727272727]]]}, "properties": {"value": 3.927950143814087}}, {"type": "Feature", "geometry": {"type": "Polygon", "coordinates": [[[-64.39688297872341, 46.63997727272727], [-64.36951063829787, 46.63997727272727], [-64.36951063829787, 46.61268181818182], [-64.39688297872341, 46.61268181818182], [-64.39688297872341, 46.63997727272727]]]}, "properties": {"value": 5.512620449066162}}, {"type": "Feature", "geometry": {"type": "Polygon", "coordinates": [[[-64.36951063829787, 46.63997727272727], [-64.34213829787234, 46.63997727272727], [-64.34213829787234, 46.61268181818182], [-64.36951063829787, 46.61268181818182], [-64.36951063829787, 46.63997727272727]]]}, "properties": {"value": 4.896961212158203}}, {"type": "Feature", "geometry": {"type": "Polygon", "coordinates": [[[-64.34213829787234, 46.63997727272727], [-64.31476595744681, 46.63997727272727], [-64.31476595744681, 46.61268181818182], [-64.34213829787234, 46.61268181818182], [-64.34213829787234, 46.63997727272727]]]}, "properties": {"value": 5.399730682373047}}, {"type": "Feature", "geometry": {"type": "Polygon", "coordinates": [[[-64.31476595744681, 46.63997727272727], [-64.28739361702128, 46.63997727272727], [-64.28739361702128, 46.61268181818182], [-64.31476595744681, 46.61268181818182], [-64.31476595744681, 46.63997727272727]]]}, "properties": {"value": 4.096981525421143}}, {"type": "Feature", "geometry": {"type": "Polygon", "coordinates": [[[-64.28739361702128, 46.63997727272727], [-64.26002127659575, 46.63997727272727], [-64.26002127659575, 46.61268181818182], [-64.28739361702128, 46.61268181818182], [-64.28739361702128, 46.63997727272727]]]}, "properties": {"value": 4.004310131072998}}, {"type": "Feature", "geometry": {"type": "Polygon", "coordinates": [[[-64.26002127659575, 46.63997727272727], [-64.23264893617022, 46.63997727272727], [-64.23264893617022, 46.61268181818182], [-64.26002127659575, 46.61268181818182], [-64.26002127659575, 46.63997727272727]]]}, "properties": {"value": 4.004310131072998}}, {"type": "Feature", "geometry": {"type": "Polygon", "coordinates": [[[-64.23264893617022, 46.63997727272727], [-64.20527659574468, 46.63997727272727], [-64.20527659574468, 46.61268181818182], [-64.23264893617022, 46.61268181818182], [-64.23264893617022, 46.63997727272727]]]}, "properties": {"value": 4.587367057800293}}, {"type": "Feature", "geometry": {"type": "Polygon", "coordinates": [[[-64.20527659574468, 46.63997727272727], [-64.17790425531915, 46.63997727272727], [-64.17790425531915, 46.61268181818182], [-64.20527659574468, 46.61268181818182], [-64.20527659574468, 46.63997727272727]]]}, "properties": {"value": 4.587367057800293}}, {"type": "Feature", "geometry": {"type": "Polygon", "coordinates": [[[-64.17790425531915, 46.63997727272727], [-64.15053191489362, 46.63997727272727], [-64.15053191489362, 46.61268181818182], [-64.17790425531915, 46.61268181818182], [-64.17790425531915, 46.63997727272727]]]}, "properties": {"value": 4.291334629058838}}, {"type": "Feature", "geometry": {"type": "Polygon", "coordinates": [[[-64.15053191489362, 46.63997727272727], [-64.12315957446809, 46.63997727272727], [-64.12315957446809, 46.61268181818182], [-64.15053191489362, 46.61268181818182], [-64.15053191489362, 46.63997727272727]]]}, "properties": {"value": 4.213038921356201}}, {"type": "Feature", "geometry": {"type": "Polygon", "coordinates": [[[-64.12315957446809, 46.63997727272727], [-64.09578723404256, 46.63997727272727], [-64.09578723404256, 46.61268181818182], [-64.12315957446809, 46.61268181818182], [-64.12315957446809, 46.63997727272727]]]}, "properties": {"value": 4.000161170959473}}, {"type": "Feature", "geometry": {"type": "Polygon", "coordinates": [[[-64.09578723404256, 46.63997727272727], [-64.06841489361702, 46.63997727272727], [-64.06841489361702, 46.61268181818182], [-64.09578723404256, 46.61268181818182], [-64.09578723404256, 46.63997727272727]]]}, "properties": {"value": 4.5492401123046875}}, {"type": "Feature", "geometry": {"type": "Polygon", "coordinates": [[[-64.06841489361702, 46.63997727272727], [-64.04104255319149, 46.63997727272727], [-64.04104255319149, 46.61268181818182], [-64.06841489361702, 46.61268181818182], [-64.06841489361702, 46.63997727272727]]]}, "properties": {"value": 3.5097639560699463}}, {"type": "Feature", "geometry": {"type": "Polygon", "coordinates": [[[-64.04104255319149, 46.63997727272727], [-64.01367021276596, 46.63997727272727], [-64.01367021276596, 46.61268181818182], [-64.04104255319149, 46.61268181818182], [-64.04104255319149, 46.63997727272727]]]}, "properties": {"value": 3.2109289169311523}}, {"type": "Feature", "geometry": {"type": "Polygon", "coordinates": [[[-64.01367021276596, 46.63997727272727], [-63.98629787234043, 46.63997727272727], [-63.98629787234043, 46.61268181818182], [-64.01367021276596, 46.61268181818182], [-64.01367021276596, 46.63997727272727]]]}, "properties": {"value": 3.980742931365967}}, {"type": "Feature", "geometry": {"type": "Polygon", "coordinates": [[[-63.98629787234043, 46.63997727272727], [-63.95892553191489, 46.63997727272727], [-63.95892553191489, 46.61268181818182], [-63.98629787234043, 46.61268181818182], [-63.98629787234043, 46.63997727272727]]]}, "properties": {"value": 4.770440101623535}}, {"type": "Feature", "geometry": {"type": "Polygon", "coordinates": [[[-63.95892553191489, 46.63997727272727], [-63.931553191489364, 46.63997727272727], [-63.931553191489364, 46.61268181818182], [-63.95892553191489, 46.61268181818182], [-63.95892553191489, 46.63997727272727]]]}, "properties": {"value": 4.770440101623535}}, {"type": "Feature", "geometry": {"type": "Polygon", "coordinates": [[[-63.931553191489364, 46.63997727272727], [-63.904180851063835, 46.63997727272727], [-63.904180851063835, 46.61268181818182], [-63.931553191489364, 46.61268181818182], [-63.931553191489364, 46.63997727272727]]]}, "properties": {"value": 4.728772163391113}}, {"type": "Feature", "geometry": {"type": "Polygon", "coordinates": [[[-63.904180851063835, 46.63997727272727], [-63.8768085106383, 46.63997727272727], [-63.8768085106383, 46.61268181818182], [-63.904180851063835, 46.61268181818182], [-63.904180851063835, 46.63997727272727]]]}, "properties": {"value": 3.517577648162842}}, {"type": "Feature", "geometry": {"type": "Polygon", "coordinates": [[[-63.8768085106383, 46.63997727272727], [-63.84943617021277, 46.63997727272727], [-63.84943617021277, 46.61268181818182], [-63.8768085106383, 46.61268181818182], [-63.8768085106383, 46.63997727272727]]]}, "properties": {"value": 2.322815179824829}}, {"type": "Feature", "geometry": {"type": "Polygon", "coordinates": [[[-63.84943617021277, 46.63997727272727], [-63.82206382978723, 46.63997727272727], [-63.82206382978723, 46.61268181818182], [-63.84943617021277, 46.61268181818182], [-63.84943617021277, 46.63997727272727]]]}, "properties": {"value": 2.2748570442199707}}, {"type": "Feature", "geometry": {"type": "Polygon", "coordinates": [[[-63.82206382978723, 46.63997727272727], [-63.7946914893617, 46.63997727272727], [-63.7946914893617, 46.61268181818182], [-63.82206382978723, 46.61268181818182], [-63.82206382978723, 46.63997727272727]]]}, "properties": {"value": 2.331671953201294}}, {"type": "Feature", "geometry": {"type": "Polygon", "coordinates": [[[-63.7946914893617, 46.63997727272727], [-63.767319148936174, 46.63997727272727], [-63.767319148936174, 46.61268181818182], [-63.7946914893617, 46.61268181818182], [-63.7946914893617, 46.63997727272727]]]}, "properties": {"value": 2.331671953201294}}, {"type": "Feature", "geometry": {"type": "Polygon", "coordinates": [[[-64.20527659574468, 46.61268181818182], [-64.17790425531915, 46.61268181818182], [-64.17790425531915, 46.58538636363637], [-64.20527659574468, 46.58538636363637], [-64.20527659574468, 46.61268181818182]]]}, "properties": {"value": 4.869369983673096}}, {"type": "Feature", "geometry": {"type": "Polygon", "coordinates": [[[-64.17790425531915, 46.61268181818182], [-64.15053191489362, 46.61268181818182], [-64.15053191489362, 46.58538636363637], [-64.17790425531915, 46.58538636363637], [-64.17790425531915, 46.61268181818182]]]}, "properties": {"value": 4.067211627960205}}, {"type": "Feature", "geometry": {"type": "Polygon", "coordinates": [[[-64.15053191489362, 46.61268181818182], [-64.12315957446809, 46.61268181818182], [-64.12315957446809, 46.58538636363637], [-64.15053191489362, 46.58538636363637], [-64.15053191489362, 46.61268181818182]]]}, "properties": {"value": 2.708498954772949}}, {"type": "Feature", "geometry": {"type": "Polygon", "coordinates": [[[-64.12315957446809, 46.61268181818182], [-64.09578723404256, 46.61268181818182], [-64.09578723404256, 46.58538636363637], [-64.12315957446809, 46.58538636363637], [-64.12315957446809, 46.61268181818182]]]}, "properties": {"value": 2.708498954772949}}, {"type": "Feature", "geometry": {"type": "Polygon", "coordinates": [[[-64.09578723404256, 46.61268181818182], [-64.06841489361702, 46.61268181818182], [-64.06841489361702, 46.58538636363637], [-64.09578723404256, 46.58538636363637], [-64.09578723404256, 46.61268181818182]]]}, "properties": {"value": 3.5242109298706055}}, {"type": "Feature", "geometry": {"type": "Polygon", "coordinates": [[[-64.06841489361702, 46.61268181818182], [-64.04104255319149, 46.61268181818182], [-64.04104255319149, 46.58538636363637], [-64.06841489361702, 46.58538636363637], [-64.06841489361702, 46.61268181818182]]]}, "properties": {"value": 3.703916549682617}}, {"type": "Feature", "geometry": {"type": "Polygon", "coordinates": [[[-64.04104255319149, 46.61268181818182], [-64.01367021276596, 46.61268181818182], [-64.01367021276596, 46.58538636363637], [-64.04104255319149, 46.58538636363637], [-64.04104255319149, 46.61268181818182]]]}, "properties": {"value": 3.624986410140991}}, {"type": "Feature", "geometry": {"type": "Polygon", "coordinates": [[[-64.01367021276596, 46.61268181818182], [-63.98629787234043, 46.61268181818182], [-63.98629787234043, 46.58538636363637], [-64.01367021276596, 46.58538636363637], [-64.01367021276596, 46.61268181818182]]]}, "properties": {"value": 4.156768321990967}}, {"type": "Feature", "geometry": {"type": "Polygon", "coordinates": [[[-63.98629787234043, 46.61268181818182], [-63.95892553191489, 46.61268181818182], [-63.95892553191489, 46.58538636363637], [-63.98629787234043, 46.58538636363637], [-63.98629787234043, 46.61268181818182]]]}, "properties": {"value": 4.9808502197265625}}, {"type": "Feature", "geometry": {"type": "Polygon", "coordinates": [[[-63.95892553191489, 46.61268181818182], [-63.931553191489364, 46.61268181818182], [-63.931553191489364, 46.58538636363637], [-63.95892553191489, 46.58538636363637], [-63.95892553191489, 46.61268181818182]]]}, "properties": {"value": 5.245840072631836}}, {"type": "Feature", "geometry": {"type": "Polygon", "coordinates": [[[-63.931553191489364, 46.61268181818182], [-63.904180851063835, 46.61268181818182], [-63.904180851063835, 46.58538636363637], [-63.931553191489364, 46.58538636363637], [-63.931553191489364, 46.61268181818182]]]}, "properties": {"value": 4.758456230163574}}, {"type": "Feature", "geometry": {"type": "Polygon", "coordinates": [[[-63.904180851063835, 46.61268181818182], [-63.8768085106383, 46.61268181818182], [-63.8768085106383, 46.58538636363637], [-63.904180851063835, 46.58538636363637], [-63.904180851063835, 46.61268181818182]]]}, "properties": {"value": 4.758456230163574}}, {"type": "Feature", "geometry": {"type": "Polygon", "coordinates": [[[-63.8768085106383, 46.61268181818182], [-63.84943617021277, 46.61268181818182], [-63.84943617021277, 46.58538636363637], [-63.8768085106383, 46.58538636363637], [-63.8768085106383, 46.61268181818182]]]}, "properties": {"value": 2.5765979290008545}}, {"type": "Feature", "geometry": {"type": "Polygon", "coordinates": [[[-63.84943617021277, 46.61268181818182], [-63.82206382978723, 46.61268181818182], [-63.82206382978723, 46.58538636363637], [-63.84943617021277, 46.58538636363637], [-63.84943617021277, 46.61268181818182]]]}, "properties": {"value": 2.634046792984009}}, {"type": "Feature", "geometry": {"type": "Polygon", "coordinates": [[[-63.82206382978723, 46.61268181818182], [-63.7946914893617, 46.61268181818182], [-63.7946914893617, 46.58538636363637], [-63.82206382978723, 46.58538636363637], [-63.82206382978723, 46.61268181818182]]]}, "properties": {"value": 2.462770462036133}}, {"type": "Feature", "geometry": {"type": "Polygon", "coordinates": [[[-63.7946914893617, 46.61268181818182], [-63.767319148936174, 46.61268181818182], [-63.767319148936174, 46.58538636363637], [-63.7946914893617, 46.58538636363637], [-63.7946914893617, 46.61268181818182]]]}, "properties": {"value": 2.2780840396881104}}, {"type": "Feature", "geometry": {"type": "Polygon", "coordinates": [[[-63.767319148936174, 46.61268181818182], [-63.73994680851064, 46.61268181818182], [-63.73994680851064, 46.58538636363637], [-63.767319148936174, 46.58538636363637], [-63.767319148936174, 46.61268181818182]]]}, "properties": {"value": 2.311061382293701}}, {"type": "Feature", "geometry": {"type": "Polygon", "coordinates": [[[-63.73994680851064, 46.61268181818182], [-63.71257446808511, 46.61268181818182], [-63.71257446808511, 46.58538636363637], [-63.73994680851064, 46.58538636363637], [-63.73994680851064, 46.61268181818182]]]}, "properties": {"value": 2.311061382293701}}, {"type": "Feature", "geometry": {"type": "Polygon", "coordinates": [[[-64.12315957446809, 46.58538636363637], [-64.09578723404256, 46.58538636363637], [-64.09578723404256, 46.55809090909091], [-64.12315957446809, 46.55809090909091], [-64.12315957446809, 46.58538636363637]]]}, "properties": {"value": 2.398413896560669}}, {"type": "Feature", "geometry": {"type": "Polygon", "coordinates": [[[-64.09578723404256, 46.58538636363637], [-64.06841489361702, 46.58538636363637], [-64.06841489361702, 46.55809090909091], [-64.09578723404256, 46.55809090909091], [-64.09578723404256, 46.58538636363637]]]}, "properties": {"value": 3.07920503616333}}, {"type": "Feature", "geometry": {"type": "Polygon", "coordinates": [[[-64.06841489361702, 46.58538636363637], [-64.04104255319149, 46.58538636363637], [-64.04104255319149, 46.55809090909091], [-64.06841489361702, 46.55809090909091], [-64.06841489361702, 46.58538636363637]]]}, "properties": {"value": 3.07920503616333}}, {"type": "Feature", "geometry": {"type": "Polygon", "coordinates": [[[-64.04104255319149, 46.58538636363637], [-64.01367021276596, 46.58538636363637], [-64.01367021276596, 46.55809090909091], [-64.04104255319149, 46.55809090909091], [-64.04104255319149, 46.58538636363637]]]}, "properties": {"value": 3.963648796081543}}, {"type": "Feature", "geometry": {"type": "Polygon", "coordinates": [[[-64.01367021276596, 46.58538636363637], [-63.98629787234043, 46.58538636363637], [-63.98629787234043, 46.55809090909091], [-64.01367021276596, 46.55809090909091], [-64.01367021276596, 46.58538636363637]]]}, "properties": {"value": 5.070623397827148}}, {"type": "Feature", "geometry": {"type": "Polygon", "coordinates": [[[-63.98629787234043, 46.58538636363637], [-63.95892553191489, 46.58538636363637], [-63.95892553191489, 46.55809090909091], [-63.98629787234043, 46.55809090909091], [-63.98629787234043, 46.58538636363637]]]}, "properties": {"value": 4.976577281951904}}, {"type": "Feature", "geometry": {"type": "Polygon", "coordinates": [[[-63.95892553191489, 46.58538636363637], [-63.931553191489364, 46.58538636363637], [-63.931553191489364, 46.55809090909091], [-63.95892553191489, 46.55809090909091], [-63.95892553191489, 46.58538636363637]]]}, "properties": {"value": 4.458889007568359}}, {"type": "Feature", "geometry": {"type": "Polygon", "coordinates": [[[-63.931553191489364, 46.58538636363637], [-63.904180851063835, 46.58538636363637], [-63.904180851063835, 46.55809090909091], [-63.931553191489364, 46.55809090909091], [-63.931553191489364, 46.58538636363637]]]}, "properties": {"value": 6.669905662536621}}, {"type": "Feature", "geometry": {"type": "Polygon", "coordinates": [[[-63.904180851063835, 46.58538636363637], [-63.8768085106383, 46.58538636363637], [-63.8768085106383, 46.55809090909091], [-63.904180851063835, 46.55809090909091], [-63.904180851063835, 46.58538636363637]]]}, "properties": {"value": 6.669905662536621}}, {"type": "Feature", "geometry": {"type": "Polygon", "coordinates": [[[-63.8768085106383, 46.58538636363637], [-63.84943617021277, 46.58538636363637], [-63.84943617021277, 46.55809090909091], [-63.8768085106383, 46.55809090909091], [-63.8768085106383, 46.58538636363637]]]}, "properties": {"value": 3.648432493209839}}, {"type": "Feature", "geometry": {"type": "Polygon", "coordinates": [[[-63.84943617021277, 46.58538636363637], [-63.82206382978723, 46.58538636363637], [-63.82206382978723, 46.55809090909091], [-63.84943617021277, 46.55809090909091], [-63.84943617021277, 46.58538636363637]]]}, "properties": {"value": 3.1924684047698975}}, {"type": "Feature", "geometry": {"type": "Polygon", "coordinates": [[[-63.767319148936174, 46.58538636363637], [-63.73994680851064, 46.58538636363637], [-63.73994680851064, 46.55809090909091], [-63.767319148936174, 46.55809090909091], [-63.767319148936174, 46.58538636363637]]]}, "properties": {"value": 2.439223527908325}}, {"type": "Feature", "geometry": {"type": "Polygon", "coordinates": [[[-63.73994680851064, 46.58538636363637], [-63.71257446808511, 46.58538636363637], [-63.71257446808511, 46.55809090909091], [-63.73994680851064, 46.55809090909091], [-63.73994680851064, 46.58538636363637]]]}, "properties": {"value": 2.6765406131744385}}, {"type": "Feature", "geometry": {"type": "Polygon", "coordinates": [[[-63.71257446808511, 46.58538636363637], [-63.68520212765958, 46.58538636363637], [-63.68520212765958, 46.55809090909091], [-63.71257446808511, 46.55809090909091], [-63.71257446808511, 46.58538636363637]]]}, "properties": {"value": 2.9434962272644043}}, {"type": "Feature", "geometry": {"type": "Polygon", "coordinates": [[[-63.68520212765958, 46.58538636363637], [-63.65782978723404, 46.58538636363637], [-63.65782978723404, 46.55809090909091], [-63.68520212765958, 46.55809090909091], [-63.68520212765958, 46.58538636363637]]]}, "properties": {"value": 2.6276044845581055}}, {"type": "Feature", "geometry": {"type": "Polygon", "coordinates": [[[-63.65782978723404, 46.58538636363637], [-63.630457446808514, 46.58538636363637], [-63.630457446808514, 46.55809090909091], [-63.65782978723404, 46.55809090909091], [-63.65782978723404, 46.58538636363637]]]}, "properties": {"value": 4.84324836730957}}, {"type": "Feature", "geometry": {"type": "Polygon", "coordinates": [[[-63.630457446808514, 46.58538636363637], [-63.60308510638298, 46.58538636363637], [-63.60308510638298, 46.55809090909091], [-63.630457446808514, 46.55809090909091], [-63.630457446808514, 46.58538636363637]]]}, "properties": {"value": 3.940587043762207}}, {"type": "Feature", "geometry": {"type": "Polygon", "coordinates": [[[-64.12315957446809, 46.55809090909091], [-64.09578723404256, 46.55809090909091], [-64.09578723404256, 46.530795454545455], [-64.12315957446809, 46.530795454545455], [-64.12315957446809, 46.55809090909091]]]}, "properties": {"value": 2.9575250148773193}}, {"type": "Feature", "geometry": {"type": "Polygon", "coordinates": [[[-64.09578723404256, 46.55809090909091], [-64.06841489361702, 46.55809090909091], [-64.06841489361702, 46.530795454545455], [-64.09578723404256, 46.530795454545455], [-64.09578723404256, 46.55809090909091]]]}, "properties": {"value": 2.5164992809295654}}, {"type": "Feature", "geometry": {"type": "Polygon", "coordinates": [[[-64.06841489361702, 46.55809090909091], [-64.04104255319149, 46.55809090909091], [-64.04104255319149, 46.530795454545455], [-64.06841489361702, 46.530795454545455], [-64.06841489361702, 46.55809090909091]]]}, "properties": {"value": 4.321692943572998}}, {"type": "Feature", "geometry": {"type": "Polygon", "coordinates": [[[-64.04104255319149, 46.55809090909091], [-64.01367021276596, 46.55809090909091], [-64.01367021276596, 46.530795454545455], [-64.04104255319149, 46.530795454545455], [-64.04104255319149, 46.55809090909091]]]}, "properties": {"value": 4.838229656219482}}, {"type": "Feature", "geometry": {"type": "Polygon", "coordinates": [[[-64.01367021276596, 46.55809090909091], [-63.98629787234043, 46.55809090909091], [-63.98629787234043, 46.530795454545455], [-64.01367021276596, 46.530795454545455], [-64.01367021276596, 46.55809090909091]]]}, "properties": {"value": 4.838229656219482}}, {"type": "Feature", "geometry": {"type": "Polygon", "coordinates": [[[-63.98629787234043, 46.55809090909091], [-63.95892553191489, 46.55809090909091], [-63.95892553191489, 46.530795454545455], [-63.98629787234043, 46.530795454545455], [-63.98629787234043, 46.55809090909091]]]}, "properties": {"value": 4.415030479431152}}, {"type": "Feature", "geometry": {"type": "Polygon", "coordinates": [[[-63.95892553191489, 46.55809090909091], [-63.931553191489364, 46.55809090909091], [-63.931553191489364, 46.530795454545455], [-63.95892553191489, 46.530795454545455], [-63.95892553191489, 46.55809090909091]]]}, "properties": {"value": 5.9288506507873535}}, {"type": "Feature", "geometry": {"type": "Polygon", "coordinates": [[[-63.931553191489364, 46.55809090909091], [-63.904180851063835, 46.55809090909091], [-63.904180851063835, 46.530795454545455], [-63.931553191489364, 46.530795454545455], [-63.931553191489364, 46.55809090909091]]]}, "properties": {"value": 6.506017208099365}}, {"type": "Feature", "geometry": {"type": "Polygon", "coordinates": [[[-63.904180851063835, 46.55809090909091], [-63.8768085106383, 46.55809090909091], [-63.8768085106383, 46.530795454545455], [-63.904180851063835, 46.530795454545455], [-63.904180851063835, 46.55809090909091]]]}, "properties": {"value": 7.067915916442871}}, {"type": "Feature", "geometry": {"type": "Polygon", "coordinates": [[[-63.8768085106383, 46.55809090909091], [-63.84943617021277, 46.55809090909091], [-63.84943617021277, 46.530795454545455], [-63.8768085106383, 46.530795454545455], [-63.8768085106383, 46.55809090909091]]]}, "properties": {"value": 3.6029574871063232}}, {"type": "Feature", "geometry": {"type": "Polygon", "coordinates": [[[-63.7946914893617, 46.55809090909091], [-63.767319148936174, 46.55809090909091], [-63.767319148936174, 46.530795454545455], [-63.7946914893617, 46.530795454545455], [-63.7946914893617, 46.55809090909091]]]}, "properties": {"value": 4.20208215713501}}, {"type": "Feature", "geometry": {"type": "Polygon", "coordinates": [[[-63.767319148936174, 46.55809090909091], [-63.73994680851064, 46.55809090909091], [-63.73994680851064, 46.530795454545455], [-63.767319148936174, 46.530795454545455], [-63.767319148936174, 46.55809090909091]]]}, "properties": {"value": 3.3137567043304443}}, {"type": "Feature", "geometry": {"type": "Polygon", "coordinates": [[[-63.73994680851064, 46.55809090909091], [-63.71257446808511, 46.55809090909091], [-63.71257446808511, 46.530795454545455], [-63.73994680851064, 46.530795454545455], [-63.73994680851064, 46.55809090909091]]]}, "properties": {"value": 3.8109331130981445}}, {"type": "Feature", "geometry": {"type": "Polygon", "coordinates": [[[-63.71257446808511, 46.55809090909091], [-63.68520212765958, 46.55809090909091], [-63.68520212765958, 46.530795454545455], [-63.71257446808511, 46.530795454545455], [-63.71257446808511, 46.55809090909091]]]}, "properties": {"value": 4.885854721069336}}, {"type": "Feature", "geometry": {"type": "Polygon", "coordinates": [[[-63.68520212765958, 46.55809090909091], [-63.65782978723404, 46.55809090909091], [-63.65782978723404, 46.530795454545455], [-63.68520212765958, 46.530795454545455], [-63.68520212765958, 46.55809090909091]]]}, "properties": {"value": 4.304571151733398}}, {"type": "Feature", "geometry": {"type": "Polygon", "coordinates": [[[-63.65782978723404, 46.55809090909091], [-63.630457446808514, 46.55809090909091], [-63.630457446808514, 46.530795454545455], [-63.65782978723404, 46.530795454545455], [-63.65782978723404, 46.55809090909091]]]}, "properties": {"value": 8.46977710723877}}, {"type": "Feature", "geometry": {"type": "Polygon", "coordinates": [[[-63.630457446808514, 46.55809090909091], [-63.60308510638298, 46.55809090909091], [-63.60308510638298, 46.530795454545455], [-63.630457446808514, 46.530795454545455], [-63.630457446808514, 46.55809090909091]]]}, "properties": {"value": 5.060438632965088}}, {"type": "Feature", "geometry": {"type": "Polygon", "coordinates": [[[-63.60308510638298, 46.55809090909091], [-63.57571276595745, 46.55809090909091], [-63.57571276595745, 46.530795454545455], [-63.60308510638298, 46.530795454545455], [-63.60308510638298, 46.55809090909091]]]}, "properties": {"value": 4.15354585647583}}, {"type": "Feature", "geometry": {"type": "Polygon", "coordinates": [[[-63.57571276595745, 46.55809090909091], [-63.54834042553192, 46.55809090909091], [-63.54834042553192, 46.530795454545455], [-63.57571276595745, 46.530795454545455], [-63.57571276595745, 46.55809090909091]]]}, "properties": {"value": 2.9256837368011475}}, {"type": "Feature", "geometry": {"type": "Polygon", "coordinates": [[[-63.54834042553192, 46.55809090909091], [-63.52096808510638, 46.55809090909091], [-63.52096808510638, 46.530795454545455], [-63.54834042553192, 46.530795454545455], [-63.54834042553192, 46.55809090909091]]]}, "properties": {"value": 2.9256837368011475}}, {"type": "Feature", "geometry": {"type": "Polygon", "coordinates": [[[-63.52096808510638, 46.55809090909091], [-63.49359574468085, 46.55809090909091], [-63.49359574468085, 46.530795454545455], [-63.52096808510638, 46.530795454545455], [-63.52096808510638, 46.55809090909091]]]}, "properties": {"value": 2.564531087875366}}, {"type": "Feature", "geometry": {"type": "Polygon", "coordinates": [[[-64.12315957446809, 46.530795454545455], [-64.09578723404256, 46.530795454545455], [-64.09578723404256, 46.5035], [-64.12315957446809, 46.5035], [-64.12315957446809, 46.530795454545455]]]}, "properties": {"value": 3.822636842727661}}, {"type": "Feature", "geometry": {"type": "Polygon", "coordinates": [[[-64.09578723404256, 46.530795454545455], [-64.06841489361702, 46.530795454545455], [-64.06841489361702, 46.5035], [-64.09578723404256, 46.5035], [-64.09578723404256, 46.530795454545455]]]}, "properties": {"value": 4.234131813049316}}, {"type": "Feature", "geometry": {"type": "Polygon", "coordinates": [[[-64.06841489361702, 46.530795454545455], [-64.04104255319149, 46.530795454545455], [-64.04104255319149, 46.5035], [-64.06841489361702, 46.5035], [-64.06841489361702, 46.530795454545455]]]}, "properties": {"value": 4.875586032867432}}, {"type": "Feature", "geometry": {"type": "Polygon", "coordinates": [[[-64.04104255319149, 46.530795454545455], [-64.01367021276596, 46.530795454545455], [-64.01367021276596, 46.5035], [-64.04104255319149, 46.5035], [-64.04104255319149, 46.530795454545455]]]}, "properties": {"value": 4.148859024047852}}, {"type": "Feature", "geometry": {"type": "Polygon", "coordinates": [[[-64.01367021276596, 46.530795454545455], [-63.98629787234043, 46.530795454545455], [-63.98629787234043, 46.5035], [-64.01367021276596, 46.5035], [-64.01367021276596, 46.530795454545455]]]}, "properties": {"value": 4.536657810211182}}, {"type": "Feature", "geometry": {"type": "Polygon", "coordinates": [[[-63.98629787234043, 46.530795454545455], [-63.95892553191489, 46.530795454545455], [-63.95892553191489, 46.5035], [-63.98629787234043, 46.5035], [-63.98629787234043, 46.530795454545455]]]}, "properties": {"value": 5.779942989349365}}, {"type": "Feature", "geometry": {"type": "Polygon", "coordinates": [[[-63.95892553191489, 46.530795454545455], [-63.931553191489364, 46.530795454545455], [-63.931553191489364, 46.5035], [-63.95892553191489, 46.5035], [-63.95892553191489, 46.530795454545455]]]}, "properties": {"value": 5.779942989349365}}, {"type": "Feature", "geometry": {"type": "Polygon", "coordinates": [[[-63.931553191489364, 46.530795454545455], [-63.904180851063835, 46.530795454545455], [-63.904180851063835, 46.5035], [-63.931553191489364, 46.5035], [-63.931553191489364, 46.530795454545455]]]}, "properties": {"value": 6.1830010414123535}}, {"type": "Feature", "geometry": {"type": "Polygon", "coordinates": [[[-63.904180851063835, 46.530795454545455], [-63.8768085106383, 46.530795454545455], [-63.8768085106383, 46.5035], [-63.904180851063835, 46.5035], [-63.904180851063835, 46.530795454545455]]]}, "properties": {"value": 4.497210502624512}}, {"type": "Feature", "geometry": {"type": "Polygon", "coordinates": [[[-63.8768085106383, 46.530795454545455], [-63.84943617021277, 46.530795454545455], [-63.84943617021277, 46.5035], [-63.8768085106383, 46.5035], [-63.8768085106383, 46.530795454545455]]]}, "properties": {"value": 4.526024341583252}}, {"type": "Feature", "geometry": {"type": "Polygon", "coordinates": [[[-63.84943617021277, 46.530795454545455], [-63.82206382978723, 46.530795454545455], [-63.82206382978723, 46.5035], [-63.84943617021277, 46.5035], [-63.84943617021277, 46.530795454545455]]]}, "properties": {"value": 4.18075704574585}}, {"type": "Feature", "geometry": {"type": "Polygon", "coordinates": [[[-63.82206382978723, 46.530795454545455], [-63.7946914893617, 46.530795454545455], [-63.7946914893617, 46.5035], [-63.82206382978723, 46.5035], [-63.82206382978723, 46.530795454545455]]]}, "properties": {"value": 4.960738658905029}}, {"type": "Feature", "geometry": {"type": "Polygon", "coordinates": [[[-63.7946914893617, 46.530795454545455], [-63.767319148936174, 46.530795454545455], [-63.767319148936174, 46.5035], [-63.7946914893617, 46.5035], [-63.7946914893617, 46.530795454545455]]]}, "properties": {"value": 4.20208215713501}}, {"type": "Feature", "geometry": {"type": "Polygon", "coordinates": [[[-63.767319148936174, 46.530795454545455], [-63.73994680851064, 46.530795454545455], [-63.73994680851064, 46.5035], [-63.767319148936174, 46.5035], [-63.767319148936174, 46.530795454545455]]]}, "properties": {"value": 4.42793607711792}}, {"type": "Feature", "geometry": {"type": "Polygon", "coordinates": [[[-63.73994680851064, 46.530795454545455], [-63.71257446808511, 46.530795454545455], [-63.71257446808511, 46.5035], [-63.73994680851064, 46.5035], [-63.73994680851064, 46.530795454545455]]]}, "properties": {"value": 5.606077671051025}}, {"type": "Feature", "geometry": {"type": "Polygon", "coordinates": [[[-63.71257446808511, 46.530795454545455], [-63.68520212765958, 46.530795454545455], [-63.68520212765958, 46.5035], [-63.71257446808511, 46.5035], [-63.71257446808511, 46.530795454545455]]]}, "properties": {"value": 5.606077671051025}}, {"type": "Feature", "geometry": {"type": "Polygon", "coordinates": [[[-63.68520212765958, 46.530795454545455], [-63.65782978723404, 46.530795454545455], [-63.65782978723404, 46.5035], [-63.68520212765958, 46.5035], [-63.68520212765958, 46.530795454545455]]]}, "properties": {"value": 7.994452953338623}}, {"type": "Feature", "geometry": {"type": "Polygon", "coordinates": [[[-63.65782978723404, 46.530795454545455], [-63.630457446808514, 46.530795454545455], [-63.630457446808514, 46.5035], [-63.65782978723404, 46.5035], [-63.65782978723404, 46.530795454545455]]]}, "properties": {"value": 6.989725589752197}}, {"type": "Feature", "geometry": {"type": "Polygon", "coordinates": [[[-63.630457446808514, 46.530795454545455], [-63.60308510638298, 46.530795454545455], [-63.60308510638298, 46.5035], [-63.630457446808514, 46.5035], [-63.630457446808514, 46.530795454545455]]]}, "properties": {"value": 7.420763969421387}}, {"type": "Feature", "geometry": {"type": "Polygon", "coordinates": [[[-63.60308510638298, 46.530795454545455], [-63.57571276595745, 46.530795454545455], [-63.57571276595745, 46.5035], [-63.60308510638298, 46.5035], [-63.60308510638298, 46.530795454545455]]]}, "properties": {"value": 6.488544464111328}}, {"type": "Feature", "geometry": {"type": "Polygon", "coordinates": [[[-63.57571276595745, 46.530795454545455], [-63.54834042553192, 46.530795454545455], [-63.54834042553192, 46.5035], [-63.57571276595745, 46.5035], [-63.57571276595745, 46.530795454545455]]]}, "properties": {"value": 5.166450500488281}}, {"type": "Feature", "geometry": {"type": "Polygon", "coordinates": [[[-63.54834042553192, 46.530795454545455], [-63.52096808510638, 46.530795454545455], [-63.52096808510638, 46.5035], [-63.54834042553192, 46.5035], [-63.54834042553192, 46.530795454545455]]]}, "properties": {"value": 5.166450500488281}}, {"type": "Feature", "geometry": {"type": "Polygon", "coordinates": [[[-63.52096808510638, 46.530795454545455], [-63.49359574468085, 46.530795454545455], [-63.49359574468085, 46.5035], [-63.52096808510638, 46.5035], [-63.52096808510638, 46.530795454545455]]]}, "properties": {"value": 2.840549945831299}}, {"type": "Feature", "geometry": {"type": "Polygon", "coordinates": [[[-63.49359574468085, 46.530795454545455], [-63.466223404255324, 46.530795454545455], [-63.466223404255324, 46.5035], [-63.49359574468085, 46.5035], [-63.49359574468085, 46.530795454545455]]]}, "properties": {"value": 2.589585781097412}}, {"type": "Feature", "geometry": {"type": "Polygon", "coordinates": [[[-63.466223404255324, 46.530795454545455], [-63.43885106382979, 46.530795454545455], [-63.43885106382979, 46.5035], [-63.466223404255324, 46.5035], [-63.466223404255324, 46.530795454545455]]]}, "properties": {"value": 2.4122724533081055}}, {"type": "Feature", "geometry": {"type": "Polygon", "coordinates": [[[-63.43885106382979, 46.530795454545455], [-63.41147872340426, 46.530795454545455], [-63.41147872340426, 46.5035], [-63.43885106382979, 46.5035], [-63.43885106382979, 46.530795454545455]]]}, "properties": {"value": 2.332094430923462}}, {"type": "Feature", "geometry": {"type": "Polygon", "coordinates": [[[-64.12315957446809, 46.5035], [-64.09578723404256, 46.5035], [-64.09578723404256, 46.47620454545455], [-64.12315957446809, 46.47620454545455], [-64.12315957446809, 46.5035]]]}, "properties": {"value": 3.5146775245666504}}, {"type": "Feature", "geometry": {"type": "Polygon", "coordinates": [[[-64.09578723404256, 46.5035], [-64.06841489361702, 46.5035], [-64.06841489361702, 46.47620454545455], [-64.09578723404256, 46.47620454545455], [-64.09578723404256, 46.5035]]]}, "properties": {"value": 4.591752529144287}}, {"type": "Feature", "geometry": {"type": "Polygon", "coordinates": [[[-64.06841489361702, 46.5035], [-64.04104255319149, 46.5035], [-64.04104255319149, 46.47620454545455], [-64.06841489361702, 46.47620454545455], [-64.06841489361702, 46.5035]]]}, "properties": {"value": 5.939323902130127}}, {"type": "Feature", "geometry": {"type": "Polygon", "coordinates": [[[-64.04104255319149, 46.5035], [-64.01367021276596, 46.5035], [-64.01367021276596, 46.47620454545455], [-64.04104255319149, 46.47620454545455], [-64.04104255319149, 46.5035]]]}, "properties": {"value": 5.539656162261963}}, {"type": "Feature", "geometry": {"type": "Polygon", "coordinates": [[[-64.01367021276596, 46.5035], [-63.98629787234043, 46.5035], [-63.98629787234043, 46.47620454545455], [-64.01367021276596, 46.47620454545455], [-64.01367021276596, 46.5035]]]}, "properties": {"value": 5.183606147766113}}, {"type": "Feature", "geometry": {"type": "Polygon", "coordinates": [[[-63.98629787234043, 46.5035], [-63.95892553191489, 46.5035], [-63.95892553191489, 46.47620454545455], [-63.98629787234043, 46.47620454545455], [-63.98629787234043, 46.5035]]]}, "properties": {"value": 6.673602104187012}}, {"type": "Feature", "geometry": {"type": "Polygon", "coordinates": [[[-63.95892553191489, 46.5035], [-63.931553191489364, 46.5035], [-63.931553191489364, 46.47620454545455], [-63.95892553191489, 46.47620454545455], [-63.95892553191489, 46.5035]]]}, "properties": {"value": 6.673602104187012}}, {"type": "Feature", "geometry": {"type": "Polygon", "coordinates": [[[-63.931553191489364, 46.5035], [-63.904180851063835, 46.5035], [-63.904180851063835, 46.47620454545455], [-63.931553191489364, 46.47620454545455], [-63.931553191489364, 46.5035]]]}, "properties": {"value": 5.353569507598877}}, {"type": "Feature", "geometry": {"type": "Polygon", "coordinates": [[[-63.904180851063835, 46.5035], [-63.8768085106383, 46.5035], [-63.8768085106383, 46.47620454545455], [-63.904180851063835, 46.47620454545455], [-63.904180851063835, 46.5035]]]}, "properties": {"value": 4.497210502624512}}, {"type": "Feature", "geometry": {"type": "Polygon", "coordinates": [[[-63.8768085106383, 46.5035], [-63.84943617021277, 46.5035], [-63.84943617021277, 46.47620454545455], [-63.8768085106383, 46.47620454545455], [-63.8768085106383, 46.5035]]]}, "properties": {"value": 6.366323947906494}}, {"type": "Feature", "geometry": {"type": "Polygon", "coordinates": [[[-63.84943617021277, 46.5035], [-63.82206382978723, 46.5035], [-63.82206382978723, 46.47620454545455], [-63.84943617021277, 46.47620454545455], [-63.84943617021277, 46.5035]]]}, "properties": {"value": 5.198414325714111}}, {"type": "Feature", "geometry": {"type": "Polygon", "coordinates": [[[-63.82206382978723, 46.5035], [-63.7946914893617, 46.5035], [-63.7946914893617, 46.47620454545455], [-63.82206382978723, 46.47620454545455], [-63.82206382978723, 46.5035]]]}, "properties": {"value": 5.198414325714111}}, {"type": "Feature", "geometry": {"type": "Polygon", "coordinates": [[[-63.767319148936174, 46.5035], [-63.73994680851064, 46.5035], [-63.73994680851064, 46.47620454545455], [-63.767319148936174, 46.47620454545455], [-63.767319148936174, 46.5035]]]}, "properties": {"value": 5.102574825286865}}, {"type": "Feature", "geometry": {"type": "Polygon", "coordinates": [[[-63.73994680851064, 46.5035], [-63.71257446808511, 46.5035], [-63.71257446808511, 46.47620454545455], [-63.73994680851064, 46.47620454545455], [-63.73994680851064, 46.5035]]]}, "properties": {"value": 4.965299606323242}}, {"type": "Feature", "geometry": {"type": "Polygon", "coordinates": [[[-63.71257446808511, 46.5035], [-63.68520212765958, 46.5035], [-63.68520212765958, 46.47620454545455], [-63.71257446808511, 46.47620454545455], [-63.71257446808511, 46.5035]]]}, "properties": {"value": 6.325201988220215}}, {"type": "Feature", "geometry": {"type": "Polygon", "coordinates": [[[-63.68520212765958, 46.5035], [-63.65782978723404, 46.5035], [-63.65782978723404, 46.47620454545455], [-63.68520212765958, 46.47620454545455], [-63.68520212765958, 46.5035]]]}, "properties": {"value": 6.990907669067383}}, {"type": "Feature", "geometry": {"type": "Polygon", "coordinates": [[[-63.65782978723404, 46.5035], [-63.630457446808514, 46.5035], [-63.630457446808514, 46.47620454545455], [-63.65782978723404, 46.47620454545455], [-63.65782978723404, 46.5035]]]}, "properties": {"value": 6.990907669067383}}, {"type": "Feature", "geometry": {"type": "Polygon", "coordinates": [[[-63.630457446808514, 46.5035], [-63.60308510638298, 46.5035], [-63.60308510638298, 46.47620454545455], [-63.630457446808514, 46.47620454545455], [-63.630457446808514, 46.5035]]]}, "properties": {"value": 6.6757307052612305}}, {"type": "Feature", "geometry": {"type": "Polygon", "coordinates": [[[-63.60308510638298, 46.5035], [-63.57571276595745, 46.5035], [-63.57571276595745, 46.47620454545455], [-63.60308510638298, 46.47620454545455], [-63.60308510638298, 46.5035]]]}, "properties": {"value": 4.412928104400635}}, {"type": "Feature", "geometry": {"type": "Polygon", "coordinates": [[[-63.57571276595745, 46.5035], [-63.54834042553192, 46.5035], [-63.54834042553192, 46.47620454545455], [-63.57571276595745, 46.47620454545455], [-63.57571276595745, 46.5035]]]}, "properties": {"value": 5.304074287414551}}, {"type": "Feature", "geometry": {"type": "Polygon", "coordinates": [[[-63.54834042553192, 46.5035], [-63.52096808510638, 46.5035], [-63.52096808510638, 46.47620454545455], [-63.54834042553192, 46.47620454545455], [-63.54834042553192, 46.5035]]]}, "properties": {"value": 5.700219631195068}}, {"type": "Feature", "geometry": {"type": "Polygon", "coordinates": [[[-63.52096808510638, 46.5035], [-63.49359574468085, 46.5035], [-63.49359574468085, 46.47620454545455], [-63.52096808510638, 46.47620454545455], [-63.52096808510638, 46.5035]]]}, "properties": {"value": 4.458231449127197}}, {"type": "Feature", "geometry": {"type": "Polygon", "coordinates": [[[-63.49359574468085, 46.5035], [-63.466223404255324, 46.5035], [-63.466223404255324, 46.47620454545455], [-63.49359574468085, 46.47620454545455], [-63.49359574468085, 46.5035]]]}, "properties": {"value": 4.458231449127197}}, {"type": "Feature", "geometry": {"type": "Polygon", "coordinates": [[[-63.466223404255324, 46.5035], [-63.43885106382979, 46.5035], [-63.43885106382979, 46.47620454545455], [-63.466223404255324, 46.47620454545455], [-63.466223404255324, 46.5035]]]}, "properties": {"value": 2.7258358001708984}}, {"type": "Feature", "geometry": {"type": "Polygon", "coordinates": [[[-63.43885106382979, 46.5035], [-63.41147872340426, 46.5035], [-63.41147872340426, 46.47620454545455], [-63.43885106382979, 46.47620454545455], [-63.43885106382979, 46.5035]]]}, "properties": {"value": 5.590577602386475}}, {"type": "Feature", "geometry": {"type": "Polygon", "coordinates": [[[-63.41147872340426, 46.5035], [-63.38410638297872, 46.5035], [-63.38410638297872, 46.47620454545455], [-63.41147872340426, 46.47620454545455], [-63.41147872340426, 46.5035]]]}, "properties": {"value": 3.0958971977233887}}, {"type": "Feature", "geometry": {"type": "Polygon", "coordinates": [[[-63.38410638297872, 46.5035], [-63.35673404255319, 46.5035], [-63.35673404255319, 46.47620454545455], [-63.38410638297872, 46.47620454545455], [-63.38410638297872, 46.5035]]]}, "properties": {"value": 3.451904535293579}}, {"type": "Feature", "geometry": {"type": "Polygon", "coordinates": [[[-63.35673404255319, 46.5035], [-63.32936170212766, 46.5035], [-63.32936170212766, 46.47620454545455], [-63.35673404255319, 46.47620454545455], [-63.35673404255319, 46.5035]]]}, "properties": {"value": 4.23419713973999}}, {"type": "Feature", "geometry": {"type": "Polygon", "coordinates": [[[-63.32936170212766, 46.5035], [-63.30198936170213, 46.5035], [-63.30198936170213, 46.47620454545455], [-63.32936170212766, 46.47620454545455], [-63.32936170212766, 46.5035]]]}, "properties": {"value": 2.9059457778930664}}, {"type": "Feature", "geometry": {"type": "Polygon", "coordinates": [[[-62.261840425531915, 46.5035], [-62.234468085106386, 46.5035], [-62.234468085106386, 46.47620454545455], [-62.261840425531915, 46.47620454545455], [-62.261840425531915, 46.5035]]]}, "properties": {"value": 3.0787765979766846}}, {"type": "Feature", "geometry": {"type": "Polygon", "coordinates": [[[-62.234468085106386, 46.5035], [-62.20709574468085, 46.5035], [-62.20709574468085, 46.47620454545455], [-62.234468085106386, 46.47620454545455], [-62.234468085106386, 46.5035]]]}, "properties": {"value": 2.8823812007904053}}, {"type": "Feature", "geometry": {"type": "Polygon", "coordinates": [[[-62.20709574468085, 46.5035], [-62.17972340425532, 46.5035], [-62.17972340425532, 46.47620454545455], [-62.20709574468085, 46.47620454545455], [-62.20709574468085, 46.5035]]]}, "properties": {"value": 2.0588223934173584}}, {"type": "Feature", "geometry": {"type": "Polygon", "coordinates": [[[-62.17972340425532, 46.5035], [-62.15235106382979, 46.5035], [-62.15235106382979, 46.47620454545455], [-62.17972340425532, 46.47620454545455], [-62.17972340425532, 46.5035]]]}, "properties": {"value": 2.0588223934173584}}, {"type": "Feature", "geometry": {"type": "Polygon", "coordinates": [[[-62.15235106382979, 46.5035], [-62.124978723404254, 46.5035], [-62.124978723404254, 46.47620454545455], [-62.15235106382979, 46.47620454545455], [-62.15235106382979, 46.5035]]]}, "properties": {"value": 1.4491636753082275}}, {"type": "Feature", "geometry": {"type": "Polygon", "coordinates": [[[-62.124978723404254, 46.5035], [-62.097606382978725, 46.5035], [-62.097606382978725, 46.47620454545455], [-62.124978723404254, 46.47620454545455], [-62.124978723404254, 46.5035]]]}, "properties": {"value": 1.3559539318084717}}, {"type": "Feature", "geometry": {"type": "Polygon", "coordinates": [[[-64.12315957446809, 46.47620454545455], [-64.09578723404256, 46.47620454545455], [-64.09578723404256, 46.44890909090909], [-64.12315957446809, 46.44890909090909], [-64.12315957446809, 46.47620454545455]]]}, "properties": {"value": 4.110466480255127}}, {"type": "Feature", "geometry": {"type": "Polygon", "coordinates": [[[-64.09578723404256, 46.47620454545455], [-64.06841489361702, 46.47620454545455], [-64.06841489361702, 46.44890909090909], [-64.09578723404256, 46.44890909090909], [-64.09578723404256, 46.47620454545455]]]}, "properties": {"value": 5.725402355194092}}, {"type": "Feature", "geometry": {"type": "Polygon", "coordinates": [[[-64.06841489361702, 46.47620454545455], [-64.04104255319149, 46.47620454545455], [-64.04104255319149, 46.44890909090909], [-64.06841489361702, 46.44890909090909], [-64.06841489361702, 46.47620454545455]]]}, "properties": {"value": 5.725402355194092}}, {"type": "Feature", "geometry": {"type": "Polygon", "coordinates": [[[-64.04104255319149, 46.47620454545455], [-64.01367021276596, 46.47620454545455], [-64.01367021276596, 46.44890909090909], [-64.04104255319149, 46.44890909090909], [-64.04104255319149, 46.47620454545455]]]}, "properties": {"value": 5.995148658752441}}, {"type": "Feature", "geometry": {"type": "Polygon", "coordinates": [[[-64.01367021276596, 46.47620454545455], [-63.98629787234043, 46.47620454545455], [-63.98629787234043, 46.44890909090909], [-64.01367021276596, 46.44890909090909], [-64.01367021276596, 46.47620454545455]]]}, "properties": {"value": 5.8541998863220215}}, {"type": "Feature", "geometry": {"type": "Polygon", "coordinates": [[[-63.98629787234043, 46.47620454545455], [-63.95892553191489, 46.47620454545455], [-63.95892553191489, 46.44890909090909], [-63.98629787234043, 46.44890909090909], [-63.98629787234043, 46.47620454545455]]]}, "properties": {"value": 5.0529279708862305}}, {"type": "Feature", "geometry": {"type": "Polygon", "coordinates": [[[-63.95892553191489, 46.47620454545455], [-63.931553191489364, 46.47620454545455], [-63.931553191489364, 46.44890909090909], [-63.95892553191489, 46.44890909090909], [-63.95892553191489, 46.47620454545455]]]}, "properties": {"value": 6.473217010498047}}, {"type": "Feature", "geometry": {"type": "Polygon", "coordinates": [[[-63.931553191489364, 46.47620454545455], [-63.904180851063835, 46.47620454545455], [-63.904180851063835, 46.44890909090909], [-63.931553191489364, 46.44890909090909], [-63.931553191489364, 46.47620454545455]]]}, "properties": {"value": 6.019566535949707}}, {"type": "Feature", "geometry": {"type": "Polygon", "coordinates": [[[-63.904180851063835, 46.47620454545455], [-63.8768085106383, 46.47620454545455], [-63.8768085106383, 46.44890909090909], [-63.904180851063835, 46.44890909090909], [-63.904180851063835, 46.47620454545455]]]}, "properties": {"value": 7.904133319854736}}, {"type": "Feature", "geometry": {"type": "Polygon", "coordinates": [[[-63.8768085106383, 46.47620454545455], [-63.84943617021277, 46.47620454545455], [-63.84943617021277, 46.44890909090909], [-63.8768085106383, 46.44890909090909], [-63.8768085106383, 46.47620454545455]]]}, "properties": {"value": 7.4420061111450195}}, {"type": "Feature", "geometry": {"type": "Polygon", "coordinates": [[[-63.84943617021277, 46.47620454545455], [-63.82206382978723, 46.47620454545455], [-63.82206382978723, 46.44890909090909], [-63.84943617021277, 46.44890909090909], [-63.84943617021277, 46.47620454545455]]]}, "properties": {"value": 5.861731052398682}}, {"type": "Feature", "geometry": {"type": "Polygon", "coordinates": [[[-63.82206382978723, 46.47620454545455], [-63.7946914893617, 46.47620454545455], [-63.7946914893617, 46.44890909090909], [-63.82206382978723, 46.44890909090909], [-63.82206382978723, 46.47620454545455]]]}, "properties": {"value": 5.861731052398682}}, {"type": "Feature", "geometry": {"type": "Polygon", "coordinates": [[[-63.73994680851064, 46.47620454545455], [-63.71257446808511, 46.47620454545455], [-63.71257446808511, 46.44890909090909], [-63.73994680851064, 46.44890909090909], [-63.73994680851064, 46.47620454545455]]]}, "properties": {"value": 5.574827671051025}}, {"type": "Feature", "geometry": {"type": "Polygon", "coordinates": [[[-63.71257446808511, 46.47620454545455], [-63.68520212765958, 46.47620454545455], [-63.68520212765958, 46.44890909090909], [-63.71257446808511, 46.44890909090909], [-63.71257446808511, 46.47620454545455]]]}, "properties": {"value": 5.552477836608887}}, {"type": "Feature", "geometry": {"type": "Polygon", "coordinates": [[[-63.68520212765958, 46.47620454545455], [-63.65782978723404, 46.47620454545455], [-63.65782978723404, 46.44890909090909], [-63.68520212765958, 46.44890909090909], [-63.68520212765958, 46.47620454545455]]]}, "properties": {"value": 6.563656330108643}}, {"type": "Feature", "geometry": {"type": "Polygon", "coordinates": [[[-63.65782978723404, 46.47620454545455], [-63.630457446808514, 46.47620454545455], [-63.630457446808514, 46.44890909090909], [-63.65782978723404, 46.44890909090909], [-63.65782978723404, 46.47620454545455]]]}, "properties": {"value": 6.020583629608154}}, {"type": "Feature", "geometry": {"type": "Polygon", "coordinates": [[[-63.630457446808514, 46.47620454545455], [-63.60308510638298, 46.47620454545455], [-63.60308510638298, 46.44890909090909], [-63.630457446808514, 46.44890909090909], [-63.630457446808514, 46.47620454545455]]]}, "properties": {"value": 6.374317169189453}}, {"type": "Feature", "geometry": {"type": "Polygon", "coordinates": [[[-63.60308510638298, 46.47620454545455], [-63.57571276595745, 46.47620454545455], [-63.57571276595745, 46.44890909090909], [-63.60308510638298, 46.44890909090909], [-63.60308510638298, 46.47620454545455]]]}, "properties": {"value": 6.374317169189453}}, {"type": "Feature", "geometry": {"type": "Polygon", "coordinates": [[[-63.57571276595745, 46.47620454545455], [-63.54834042553192, 46.47620454545455], [-63.54834042553192, 46.44890909090909], [-63.57571276595745, 46.44890909090909], [-63.57571276595745, 46.47620454545455]]]}, "properties": {"value": 5.433984279632568}}, {"type": "Feature", "geometry": {"type": "Polygon", "coordinates": [[[-63.54834042553192, 46.47620454545455], [-63.52096808510638, 46.47620454545455], [-63.52096808510638, 46.44890909090909], [-63.54834042553192, 46.44890909090909], [-63.54834042553192, 46.47620454545455]]]}, "properties": {"value": 5.541113376617432}}, {"type": "Feature", "geometry": {"type": "Polygon", "coordinates": [[[-63.52096808510638, 46.47620454545455], [-63.49359574468085, 46.47620454545455], [-63.49359574468085, 46.44890909090909], [-63.52096808510638, 46.44890909090909], [-63.52096808510638, 46.47620454545455]]]}, "properties": {"value": 5.256937503814697}}, {"type": "Feature", "geometry": {"type": "Polygon", "coordinates": [[[-63.49359574468085, 46.47620454545455], [-63.466223404255324, 46.47620454545455], [-63.466223404255324, 46.44890909090909], [-63.49359574468085, 46.44890909090909], [-63.49359574468085, 46.47620454545455]]]}, "properties": {"value": 5.336803436279297}}, {"type": "Feature", "geometry": {"type": "Polygon", "coordinates": [[[-63.466223404255324, 46.47620454545455], [-63.43885106382979, 46.47620454545455], [-63.43885106382979, 46.44890909090909], [-63.466223404255324, 46.44890909090909], [-63.466223404255324, 46.47620454545455]]]}, "properties": {"value": 4.82497501373291}}, {"type": "Feature", "geometry": {"type": "Polygon", "coordinates": [[[-63.43885106382979, 46.47620454545455], [-63.41147872340426, 46.47620454545455], [-63.41147872340426, 46.44890909090909], [-63.43885106382979, 46.44890909090909], [-63.43885106382979, 46.47620454545455]]]}, "properties": {"value": 5.590577602386475}}, {"type": "Feature", "geometry": {"type": "Polygon", "coordinates": [[[-63.41147872340426, 46.47620454545455], [-63.38410638297872, 46.47620454545455], [-63.38410638297872, 46.44890909090909], [-63.41147872340426, 46.44890909090909], [-63.41147872340426, 46.47620454545455]]]}, "properties": {"value": 4.259501934051514}}, {"type": "Feature", "geometry": {"type": "Polygon", "coordinates": [[[-63.38410638297872, 46.47620454545455], [-63.35673404255319, 46.47620454545455], [-63.35673404255319, 46.44890909090909], [-63.38410638297872, 46.44890909090909], [-63.38410638297872, 46.47620454545455]]]}, "properties": {"value": 4.955202102661133}}, {"type": "Feature", "geometry": {"type": "Polygon", "coordinates": [[[-63.35673404255319, 46.47620454545455], [-63.32936170212766, 46.47620454545455], [-63.32936170212766, 46.44890909090909], [-63.35673404255319, 46.44890909090909], [-63.35673404255319, 46.47620454545455]]]}, "properties": {"value": 4.955202102661133}}, {"type": "Feature", "geometry": {"type": "Polygon", "coordinates": [[[-63.32936170212766, 46.47620454545455], [-63.30198936170213, 46.47620454545455], [-63.30198936170213, 46.44890909090909], [-63.32936170212766, 46.44890909090909], [-63.32936170212766, 46.47620454545455]]]}, "properties": {"value": 4.031128406524658}}, {"type": "Feature", "geometry": {"type": "Polygon", "coordinates": [[[-63.30198936170213, 46.47620454545455], [-63.2746170212766, 46.47620454545455], [-63.2746170212766, 46.44890909090909], [-63.30198936170213, 46.44890909090909], [-63.30198936170213, 46.47620454545455]]]}, "properties": {"value": 3.2230021953582764}}, {"type": "Feature", "geometry": {"type": "Polygon", "coordinates": [[[-62.72717021276596, 46.47620454545455], [-62.699797872340426, 46.47620454545455], [-62.699797872340426, 46.44890909090909], [-62.72717021276596, 46.44890909090909], [-62.72717021276596, 46.47620454545455]]]}, "properties": {"value": 3.4026875495910645}}, {"type": "Feature", "geometry": {"type": "Polygon", "coordinates": [[[-62.699797872340426, 46.47620454545455], [-62.6724255319149, 46.47620454545455], [-62.6724255319149, 46.44890909090909], [-62.699797872340426, 46.44890909090909], [-62.699797872340426, 46.47620454545455]]]}, "properties": {"value": 3.349053144454956}}, {"type": "Feature", "geometry": {"type": "Polygon", "coordinates": [[[-62.6724255319149, 46.47620454545455], [-62.64505319148936, 46.47620454545455], [-62.64505319148936, 46.44890909090909], [-62.6724255319149, 46.44890909090909], [-62.6724255319149, 46.47620454545455]]]}, "properties": {"value": 5.0435872077941895}}, {"type": "Feature", "geometry": {"type": "Polygon", "coordinates": [[[-62.64505319148936, 46.47620454545455], [-62.61768085106383, 46.47620454545455], [-62.61768085106383, 46.44890909090909], [-62.64505319148936, 46.44890909090909], [-62.64505319148936, 46.47620454545455]]]}, "properties": {"value": 3.6121463775634766}}, {"type": "Feature", "geometry": {"type": "Polygon", "coordinates": [[[-62.61768085106383, 46.47620454545455], [-62.5903085106383, 46.47620454545455], [-62.5903085106383, 46.44890909090909], [-62.61768085106383, 46.44890909090909], [-62.61768085106383, 46.47620454545455]]]}, "properties": {"value": 3.4723305702209473}}, {"type": "Feature", "geometry": {"type": "Polygon", "coordinates": [[[-62.5903085106383, 46.47620454545455], [-62.562936170212765, 46.47620454545455], [-62.562936170212765, 46.44890909090909], [-62.5903085106383, 46.44890909090909], [-62.5903085106383, 46.47620454545455]]]}, "properties": {"value": 3.4723305702209473}}, {"type": "Feature", "geometry": {"type": "Polygon", "coordinates": [[[-62.562936170212765, 46.47620454545455], [-62.535563829787236, 46.47620454545455], [-62.535563829787236, 46.44890909090909], [-62.562936170212765, 46.44890909090909], [-62.562936170212765, 46.47620454545455]]]}, "properties": {"value": 2.643099546432495}}, {"type": "Feature", "geometry": {"type": "Polygon", "coordinates": [[[-62.535563829787236, 46.47620454545455], [-62.50819148936171, 46.47620454545455], [-62.50819148936171, 46.44890909090909], [-62.535563829787236, 46.44890909090909], [-62.535563829787236, 46.47620454545455]]]}, "properties": {"value": 2.5933828353881836}}, {"type": "Feature", "geometry": {"type": "Polygon", "coordinates": [[[-62.50819148936171, 46.47620454545455], [-62.48081914893617, 46.47620454545455], [-62.48081914893617, 46.44890909090909], [-62.50819148936171, 46.44890909090909], [-62.50819148936171, 46.47620454545455]]]}, "properties": {"value": 2.3118247985839844}}, {"type": "Feature", "geometry": {"type": "Polygon", "coordinates": [[[-62.48081914893617, 46.47620454545455], [-62.45344680851064, 46.47620454545455], [-62.45344680851064, 46.44890909090909], [-62.48081914893617, 46.44890909090909], [-62.48081914893617, 46.47620454545455]]]}, "properties": {"value": 2.869340181350708}}, {"type": "Feature", "geometry": {"type": "Polygon", "coordinates": [[[-62.45344680851064, 46.47620454545455], [-62.426074468085105, 46.47620454545455], [-62.426074468085105, 46.44890909090909], [-62.45344680851064, 46.44890909090909], [-62.45344680851064, 46.47620454545455]]]}, "properties": {"value": 2.499114751815796}}, {"type": "Feature", "geometry": {"type": "Polygon", "coordinates": [[[-62.426074468085105, 46.47620454545455], [-62.398702127659575, 46.47620454545455], [-62.398702127659575, 46.44890909090909], [-62.426074468085105, 46.44890909090909], [-62.426074468085105, 46.47620454545455]]]}, "properties": {"value": 2.499114751815796}}, {"type": "Feature", "geometry": {"type": "Polygon", "coordinates": [[[-62.398702127659575, 46.47620454545455], [-62.371329787234046, 46.47620454545455], [-62.371329787234046, 46.44890909090909], [-62.398702127659575, 46.44890909090909], [-62.398702127659575, 46.47620454545455]]]}, "properties": {"value": 2.596034288406372}}, {"type": "Feature", "geometry": {"type": "Polygon", "coordinates": [[[-62.371329787234046, 46.47620454545455], [-62.34395744680851, 46.47620454545455], [-62.34395744680851, 46.44890909090909], [-62.371329787234046, 46.44890909090909], [-62.371329787234046, 46.47620454545455]]]}, "properties": {"value": 3.723229169845581}}, {"type": "Feature", "geometry": {"type": "Polygon", "coordinates": [[[-62.34395744680851, 46.47620454545455], [-62.31658510638298, 46.47620454545455], [-62.31658510638298, 46.44890909090909], [-62.34395744680851, 46.44890909090909], [-62.34395744680851, 46.47620454545455]]]}, "properties": {"value": 2.802748441696167}}, {"type": "Feature", "geometry": {"type": "Polygon", "coordinates": [[[-62.31658510638298, 46.47620454545455], [-62.28921276595745, 46.47620454545455], [-62.28921276595745, 46.44890909090909], [-62.31658510638298, 46.44890909090909], [-62.31658510638298, 46.47620454545455]]]}, "properties": {"value": 3.51151180267334}}, {"type": "Feature", "geometry": {"type": "Polygon", "coordinates": [[[-62.28921276595745, 46.47620454545455], [-62.261840425531915, 46.47620454545455], [-62.261840425531915, 46.44890909090909], [-62.28921276595745, 46.44890909090909], [-62.28921276595745, 46.47620454545455]]]}, "properties": {"value": 3.999586820602417}}, {"type": "Feature", "geometry": {"type": "Polygon", "coordinates": [[[-62.261840425531915, 46.47620454545455], [-62.234468085106386, 46.47620454545455], [-62.234468085106386, 46.44890909090909], [-62.261840425531915, 46.44890909090909], [-62.261840425531915, 46.47620454545455]]]}, "properties": {"value": 4.1318864822387695}}, {"type": "Feature", "geometry": {"type": "Polygon", "coordinates": [[[-62.234468085106386, 46.47620454545455], [-62.20709574468085, 46.47620454545455], [-62.20709574468085, 46.44890909090909], [-62.234468085106386, 46.44890909090909], [-62.234468085106386, 46.47620454545455]]]}, "properties": {"value": 3.7046446800231934}}, {"type": "Feature", "geometry": {"type": "Polygon", "coordinates": [[[-62.20709574468085, 46.47620454545455], [-62.17972340425532, 46.47620454545455], [-62.17972340425532, 46.44890909090909], [-62.20709574468085, 46.44890909090909], [-62.20709574468085, 46.47620454545455]]]}, "properties": {"value": 2.3487212657928467}}, {"type": "Feature", "geometry": {"type": "Polygon", "coordinates": [[[-62.17972340425532, 46.47620454545455], [-62.15235106382979, 46.47620454545455], [-62.15235106382979, 46.44890909090909], [-62.17972340425532, 46.44890909090909], [-62.17972340425532, 46.47620454545455]]]}, "properties": {"value": 2.7521581649780273}}, {"type": "Feature", "geometry": {"type": "Polygon", "coordinates": [[[-62.15235106382979, 46.47620454545455], [-62.124978723404254, 46.47620454545455], [-62.124978723404254, 46.44890909090909], [-62.15235106382979, 46.44890909090909], [-62.15235106382979, 46.47620454545455]]]}, "properties": {"value": 2.3074896335601807}}, {"type": "Feature", "geometry": {"type": "Polygon", "coordinates": [[[-62.124978723404254, 46.47620454545455], [-62.097606382978725, 46.47620454545455], [-62.097606382978725, 46.44890909090909], [-62.124978723404254, 46.44890909090909], [-62.124978723404254, 46.47620454545455]]]}, "properties": {"value": 2.3074896335601807}}, {"type": "Feature", "geometry": {"type": "Polygon", "coordinates": [[[-62.097606382978725, 46.47620454545455], [-62.070234042553196, 46.47620454545455], [-62.070234042553196, 46.44890909090909], [-62.097606382978725, 46.44890909090909], [-62.097606382978725, 46.47620454545455]]]}, "properties": {"value": 1.1705114841461182}}, {"type": "Feature", "geometry": {"type": "Polygon", "coordinates": [[[-62.070234042553196, 46.47620454545455], [-62.04286170212766, 46.47620454545455], [-62.04286170212766, 46.44890909090909], [-62.070234042553196, 46.44890909090909], [-62.070234042553196, 46.47620454545455]]]}, "properties": {"value": 2.2154645919799805}}, {"type": "Feature", "geometry": {"type": "Polygon", "coordinates": [[[-62.04286170212766, 46.47620454545455], [-62.01548936170213, 46.47620454545455], [-62.01548936170213, 46.44890909090909], [-62.04286170212766, 46.44890909090909], [-62.04286170212766, 46.47620454545455]]]}, "properties": {"value": 1.3615381717681885}}, {"type": "Feature", "geometry": {"type": "Polygon", "coordinates": [[[-62.01548936170213, 46.47620454545455], [-61.988117021276594, 46.47620454545455], [-61.988117021276594, 46.44890909090909], [-62.01548936170213, 46.44890909090909], [-62.01548936170213, 46.47620454545455]]]}, "properties": {"value": 1.3603434562683105}}, {"type": "Feature", "geometry": {"type": "Polygon", "coordinates": [[[-61.988117021276594, 46.47620454545455], [-61.960744680851064, 46.47620454545455], [-61.960744680851064, 46.44890909090909], [-61.988117021276594, 46.44890909090909], [-61.988117021276594, 46.47620454545455]]]}, "properties": {"value": 1.4618539810180664}}, {"type": "Feature", "geometry": {"type": "Polygon", "coordinates": [[[-64.15053191489362, 46.44890909090909], [-64.12315957446809, 46.44890909090909], [-64.12315957446809, 46.42161363636364], [-64.15053191489362, 46.42161363636364], [-64.15053191489362, 46.44890909090909]]]}, "properties": {"value": 3.629937171936035}}, {"type": "Feature", "geometry": {"type": "Polygon", "coordinates": [[[-64.12315957446809, 46.44890909090909], [-64.09578723404256, 46.44890909090909], [-64.09578723404256, 46.42161363636364], [-64.12315957446809, 46.42161363636364], [-64.12315957446809, 46.44890909090909]]]}, "properties": {"value": 5.39225435256958}}, {"type": "Feature", "geometry": {"type": "Polygon", "coordinates": [[[-64.09578723404256, 46.44890909090909], [-64.06841489361702, 46.44890909090909], [-64.06841489361702, 46.42161363636364], [-64.09578723404256, 46.42161363636364], [-64.09578723404256, 46.44890909090909]]]}, "properties": {"value": 5.819202423095703}}, {"type": "Feature", "geometry": {"type": "Polygon", "coordinates": [[[-64.06841489361702, 46.44890909090909], [-64.04104255319149, 46.44890909090909], [-64.04104255319149, 46.42161363636364], [-64.06841489361702, 46.42161363636364], [-64.06841489361702, 46.44890909090909]]]}, "properties": {"value": 5.692690372467041}}, {"type": "Feature", "geometry": {"type": "Polygon", "coordinates": [[[-64.04104255319149, 46.44890909090909], [-64.01367021276596, 46.44890909090909], [-64.01367021276596, 46.42161363636364], [-64.04104255319149, 46.42161363636364], [-64.04104255319149, 46.44890909090909]]]}, "properties": {"value": 5.299551010131836}}, {"type": "Feature", "geometry": {"type": "Polygon", "coordinates": [[[-64.01367021276596, 46.44890909090909], [-63.98629787234043, 46.44890909090909], [-63.98629787234043, 46.42161363636364], [-64.01367021276596, 46.42161363636364], [-64.01367021276596, 46.44890909090909]]]}, "properties": {"value": 5.8541998863220215}}, {"type": "Feature", "geometry": {"type": "Polygon", "coordinates": [[[-63.98629787234043, 46.44890909090909], [-63.95892553191489, 46.44890909090909], [-63.95892553191489, 46.42161363636364], [-63.98629787234043, 46.42161363636364], [-63.98629787234043, 46.44890909090909]]]}, "properties": {"value": 4.835128307342529}}, {"type": "Feature", "geometry": {"type": "Polygon", "coordinates": [[[-63.95892553191489, 46.44890909090909], [-63.931553191489364, 46.44890909090909], [-63.931553191489364, 46.42161363636364], [-63.95892553191489, 46.42161363636364], [-63.95892553191489, 46.44890909090909]]]}, "properties": {"value": 6.065675735473633}}, {"type": "Feature", "geometry": {"type": "Polygon", "coordinates": [[[-63.931553191489364, 46.44890909090909], [-63.904180851063835, 46.44890909090909], [-63.904180851063835, 46.42161363636364], [-63.931553191489364, 46.42161363636364], [-63.931553191489364, 46.44890909090909]]]}, "properties": {"value": 6.065675735473633}}, {"type": "Feature", "geometry": {"type": "Polygon", "coordinates": [[[-63.904180851063835, 46.44890909090909], [-63.8768085106383, 46.44890909090909], [-63.8768085106383, 46.42161363636364], [-63.904180851063835, 46.42161363636364], [-63.904180851063835, 46.44890909090909]]]}, "properties": {"value": 6.393949031829834}}, {"type": "Feature", "geometry": {"type": "Polygon", "coordinates": [[[-63.8768085106383, 46.44890909090909], [-63.84943617021277, 46.44890909090909], [-63.84943617021277, 46.42161363636364], [-63.8768085106383, 46.42161363636364], [-63.8768085106383, 46.44890909090909]]]}, "properties": {"value": 5.5768890380859375}}, {"type": "Feature", "geometry": {"type": "Polygon", "coordinates": [[[-63.84943617021277, 46.44890909090909], [-63.82206382978723, 46.44890909090909], [-63.82206382978723, 46.42161363636364], [-63.84943617021277, 46.42161363636364], [-63.84943617021277, 46.44890909090909]]]}, "properties": {"value": 5.813222885131836}}, {"type": "Feature", "geometry": {"type": "Polygon", "coordinates": [[[-63.82206382978723, 46.44890909090909], [-63.7946914893617, 46.44890909090909], [-63.7946914893617, 46.42161363636364], [-63.82206382978723, 46.42161363636364], [-63.82206382978723, 46.44890909090909]]]}, "properties": {"value": 4.5332722663879395}}, {"type": "Feature", "geometry": {"type": "Polygon", "coordinates": [[[-63.7946914893617, 46.44890909090909], [-63.767319148936174, 46.44890909090909], [-63.767319148936174, 46.42161363636364], [-63.7946914893617, 46.42161363636364], [-63.7946914893617, 46.44890909090909]]]}, "properties": {"value": 3.584906816482544}}, {"type": "Feature", "geometry": {"type": "Polygon", "coordinates": [[[-63.767319148936174, 46.44890909090909], [-63.73994680851064, 46.44890909090909], [-63.73994680851064, 46.42161363636364], [-63.767319148936174, 46.42161363636364], [-63.767319148936174, 46.44890909090909]]]}, "properties": {"value": 3.584906816482544}}, {"type": "Feature", "geometry": {"type": "Polygon", "coordinates": [[[-63.73994680851064, 46.44890909090909], [-63.71257446808511, 46.44890909090909], [-63.71257446808511, 46.42161363636364], [-63.73994680851064, 46.42161363636364], [-63.73994680851064, 46.44890909090909]]]}, "properties": {"value": 4.081446647644043}}, {"type": "Feature", "geometry": {"type": "Polygon", "coordinates": [[[-63.71257446808511, 46.44890909090909], [-63.68520212765958, 46.44890909090909], [-63.68520212765958, 46.42161363636364], [-63.71257446808511, 46.42161363636364], [-63.71257446808511, 46.44890909090909]]]}, "properties": {"value": 4.964237213134766}}, {"type": "Feature", "geometry": {"type": "Polygon", "coordinates": [[[-63.68520212765958, 46.44890909090909], [-63.65782978723404, 46.44890909090909], [-63.65782978723404, 46.42161363636364], [-63.68520212765958, 46.42161363636364], [-63.68520212765958, 46.44890909090909]]]}, "properties": {"value": 4.257030010223389}}, {"type": "Feature", "geometry": {"type": "Polygon", "coordinates": [[[-63.65782978723404, 46.44890909090909], [-63.630457446808514, 46.44890909090909], [-63.630457446808514, 46.42161363636364], [-63.65782978723404, 46.42161363636364], [-63.65782978723404, 46.44890909090909]]]}, "properties": {"value": 5.161457538604736}}, {"type": "Feature", "geometry": {"type": "Polygon", "coordinates": [[[-63.630457446808514, 46.44890909090909], [-63.60308510638298, 46.44890909090909], [-63.60308510638298, 46.42161363636364], [-63.630457446808514, 46.42161363636364], [-63.630457446808514, 46.44890909090909]]]}, "properties": {"value": 4.2462992668151855}}, {"type": "Feature", "geometry": {"type": "Polygon", "coordinates": [[[-63.60308510638298, 46.44890909090909], [-63.57571276595745, 46.44890909090909], [-63.57571276595745, 46.42161363636364], [-63.60308510638298, 46.42161363636364], [-63.60308510638298, 46.44890909090909]]]}, "properties": {"value": 4.2462992668151855}}, {"type": "Feature", "geometry": {"type": "Polygon", "coordinates": [[[-63.57571276595745, 46.44890909090909], [-63.54834042553192, 46.44890909090909], [-63.54834042553192, 46.42161363636364], [-63.57571276595745, 46.42161363636364], [-63.57571276595745, 46.44890909090909]]]}, "properties": {"value": 5.1859869956970215}}, {"type": "Feature", "geometry": {"type": "Polygon", "coordinates": [[[-63.54834042553192, 46.44890909090909], [-63.52096808510638, 46.44890909090909], [-63.52096808510638, 46.42161363636364], [-63.54834042553192, 46.42161363636364], [-63.54834042553192, 46.44890909090909]]]}, "properties": {"value": 4.974955081939697}}, {"type": "Feature", "geometry": {"type": "Polygon", "coordinates": [[[-63.52096808510638, 46.44890909090909], [-63.49359574468085, 46.44890909090909], [-63.49359574468085, 46.42161363636364], [-63.52096808510638, 46.42161363636364], [-63.52096808510638, 46.44890909090909]]]}, "properties": {"value": 4.28386926651001}}, {"type": "Feature", "geometry": {"type": "Polygon", "coordinates": [[[-63.49359574468085, 46.44890909090909], [-63.466223404255324, 46.44890909090909], [-63.466223404255324, 46.42161363636364], [-63.49359574468085, 46.42161363636364], [-63.49359574468085, 46.44890909090909]]]}, "properties": {"value": 4.926233768463135}}, {"type": "Feature", "geometry": {"type": "Polygon", "coordinates": [[[-63.466223404255324, 46.44890909090909], [-63.43885106382979, 46.44890909090909], [-63.43885106382979, 46.42161363636364], [-63.466223404255324, 46.42161363636364], [-63.466223404255324, 46.44890909090909]]]}, "properties": {"value": 4.926233768463135}}, {"type": "Feature", "geometry": {"type": "Polygon", "coordinates": [[[-63.43885106382979, 46.44890909090909], [-63.41147872340426, 46.44890909090909], [-63.41147872340426, 46.42161363636364], [-63.43885106382979, 46.42161363636364], [-63.43885106382979, 46.44890909090909]]]}, "properties": {"value": 3.696958541870117}}, {"type": "Feature", "geometry": {"type": "Polygon", "coordinates": [[[-63.41147872340426, 46.44890909090909], [-63.38410638297872, 46.44890909090909], [-63.38410638297872, 46.42161363636364], [-63.41147872340426, 46.42161363636364], [-63.41147872340426, 46.44890909090909]]]}, "properties": {"value": 3.8850042819976807}}, {"type": "Feature", "geometry": {"type": "Polygon", "coordinates": [[[-63.38410638297872, 46.44890909090909], [-63.35673404255319, 46.44890909090909], [-63.35673404255319, 46.42161363636364], [-63.38410638297872, 46.42161363636364], [-63.38410638297872, 46.44890909090909]]]}, "properties": {"value": 4.300336837768555}}, {"type": "Feature", "geometry": {"type": "Polygon", "coordinates": [[[-63.35673404255319, 46.44890909090909], [-63.32936170212766, 46.44890909090909], [-63.32936170212766, 46.42161363636364], [-63.35673404255319, 46.42161363636364], [-63.35673404255319, 46.44890909090909]]]}, "properties": {"value": 3.9543910026550293}}, {"type": "Feature", "geometry": {"type": "Polygon", "coordinates": [[[-63.32936170212766, 46.44890909090909], [-63.30198936170213, 46.44890909090909], [-63.30198936170213, 46.42161363636364], [-63.32936170212766, 46.42161363636364], [-63.32936170212766, 46.44890909090909]]]}, "properties": {"value": 4.414693355560303}}, {"type": "Feature", "geometry": {"type": "Polygon", "coordinates": [[[-63.30198936170213, 46.44890909090909], [-63.2746170212766, 46.44890909090909], [-63.2746170212766, 46.42161363636364], [-63.30198936170213, 46.42161363636364], [-63.30198936170213, 46.44890909090909]]]}, "properties": {"value": 4.414693355560303}}, {"type": "Feature", "geometry": {"type": "Polygon", "coordinates": [[[-63.2746170212766, 46.44890909090909], [-63.24724468085107, 46.44890909090909], [-63.24724468085107, 46.42161363636364], [-63.2746170212766, 46.42161363636364], [-63.2746170212766, 46.44890909090909]]]}, "properties": {"value": 2.9962832927703857}}, {"type": "Feature", "geometry": {"type": "Polygon", "coordinates": [[[-63.24724468085107, 46.44890909090909], [-63.21987234042553, 46.44890909090909], [-63.21987234042553, 46.42161363636364], [-63.24724468085107, 46.42161363636364], [-63.24724468085107, 46.44890909090909]]]}, "properties": {"value": 2.907099962234497}}, {"type": "Feature", "geometry": {"type": "Polygon", "coordinates": [[[-63.21987234042553, 46.44890909090909], [-63.1925, 46.44890909090909], [-63.1925, 46.42161363636364], [-63.21987234042553, 46.42161363636364], [-63.21987234042553, 46.44890909090909]]]}, "properties": {"value": 3.1166930198669434}}, {"type": "Feature", "geometry": {"type": "Polygon", "coordinates": [[[-63.1925, 46.44890909090909], [-63.165127659574466, 46.44890909090909], [-63.165127659574466, 46.42161363636364], [-63.1925, 46.42161363636364], [-63.1925, 46.44890909090909]]]}, "properties": {"value": 3.2496471405029297}}, {"type": "Feature", "geometry": {"type": "Polygon", "coordinates": [[[-63.165127659574466, 46.44890909090909], [-63.13775531914894, 46.44890909090909], [-63.13775531914894, 46.42161363636364], [-63.165127659574466, 46.42161363636364], [-63.165127659574466, 46.44890909090909]]]}, "properties": {"value": 3.449880361557007}}, {"type": "Feature", "geometry": {"type": "Polygon", "coordinates": [[[-63.13775531914894, 46.44890909090909], [-63.11038297872341, 46.44890909090909], [-63.11038297872341, 46.42161363636364], [-63.13775531914894, 46.42161363636364], [-63.13775531914894, 46.44890909090909]]]}, "properties": {"value": 3.449880361557007}}, {"type": "Feature", "geometry": {"type": "Polygon", "coordinates": [[[-63.11038297872341, 46.44890909090909], [-63.08301063829787, 46.44890909090909], [-63.08301063829787, 46.42161363636364], [-63.11038297872341, 46.42161363636364], [-63.11038297872341, 46.44890909090909]]]}, "properties": {"value": 3.0881056785583496}}, {"type": "Feature", "geometry": {"type": "Polygon", "coordinates": [[[-62.97352127659575, 46.44890909090909], [-62.94614893617022, 46.44890909090909], [-62.94614893617022, 46.42161363636364], [-62.97352127659575, 46.42161363636364], [-62.97352127659575, 46.44890909090909]]]}, "properties": {"value": 3.3731017112731934}}, {"type": "Feature", "geometry": {"type": "Polygon", "coordinates": [[[-62.94614893617022, 46.44890909090909], [-62.91877659574468, 46.44890909090909], [-62.91877659574468, 46.42161363636364], [-62.94614893617022, 46.42161363636364], [-62.94614893617022, 46.44890909090909]]]}, "properties": {"value": 3.2194762229919434}}, {"type": "Feature", "geometry": {"type": "Polygon", "coordinates": [[[-62.91877659574468, 46.44890909090909], [-62.89140425531915, 46.44890909090909], [-62.89140425531915, 46.42161363636364], [-62.91877659574468, 46.42161363636364], [-62.91877659574468, 46.44890909090909]]]}, "properties": {"value": 3.4821383953094482}}, {"type": "Feature", "geometry": {"type": "Polygon", "coordinates": [[[-62.89140425531915, 46.44890909090909], [-62.864031914893616, 46.44890909090909], [-62.864031914893616, 46.42161363636364], [-62.89140425531915, 46.42161363636364], [-62.89140425531915, 46.44890909090909]]]}, "properties": {"value": 3.3238604068756104}}, {"type": "Feature", "geometry": {"type": "Polygon", "coordinates": [[[-62.864031914893616, 46.44890909090909], [-62.83665957446809, 46.44890909090909], [-62.83665957446809, 46.42161363636364], [-62.864031914893616, 46.42161363636364], [-62.864031914893616, 46.44890909090909]]]}, "properties": {"value": 3.3152835369110107}}, {"type": "Feature", "geometry": {"type": "Polygon", "coordinates": [[[-62.83665957446809, 46.44890909090909], [-62.80928723404256, 46.44890909090909], [-62.80928723404256, 46.42161363636364], [-62.83665957446809, 46.42161363636364], [-62.83665957446809, 46.44890909090909]]]}, "properties": {"value": 3.3152835369110107}}, {"type": "Feature", "geometry": {"type": "Polygon", "coordinates": [[[-62.80928723404256, 46.44890909090909], [-62.78191489361702, 46.44890909090909], [-62.78191489361702, 46.42161363636364], [-62.80928723404256, 46.42161363636364], [-62.80928723404256, 46.44890909090909]]]}, "properties": {"value": 3.657205581665039}}, {"type": "Feature", "geometry": {"type": "Polygon", "coordinates": [[[-62.78191489361702, 46.44890909090909], [-62.75454255319149, 46.44890909090909], [-62.75454255319149, 46.42161363636364], [-62.78191489361702, 46.42161363636364], [-62.78191489361702, 46.44890909090909]]]}, "properties": {"value": 4.390114784240723}}, {"type": "Feature", "geometry": {"type": "Polygon", "coordinates": [[[-62.75454255319149, 46.44890909090909], [-62.72717021276596, 46.44890909090909], [-62.72717021276596, 46.42161363636364], [-62.75454255319149, 46.42161363636364], [-62.75454255319149, 46.44890909090909]]]}, "properties": {"value": 3.257798433303833}}, {"type": "Feature", "geometry": {"type": "Polygon", "coordinates": [[[-62.72717021276596, 46.44890909090909], [-62.699797872340426, 46.44890909090909], [-62.699797872340426, 46.42161363636364], [-62.72717021276596, 46.42161363636364], [-62.72717021276596, 46.44890909090909]]]}, "properties": {"value": 3.626295566558838}}, {"type": "Feature", "geometry": {"type": "Polygon", "coordinates": [[[-62.699797872340426, 46.44890909090909], [-62.6724255319149, 46.44890909090909], [-62.6724255319149, 46.42161363636364], [-62.699797872340426, 46.42161363636364], [-62.699797872340426, 46.44890909090909]]]}, "properties": {"value": 4.041121006011963}}, {"type": "Feature", "geometry": {"type": "Polygon", "coordinates": [[[-62.6724255319149, 46.44890909090909], [-62.64505319148936, 46.44890909090909], [-62.64505319148936, 46.42161363636364], [-62.6724255319149, 46.42161363636364], [-62.6724255319149, 46.44890909090909]]]}, "properties": {"value": 5.0435872077941895}}, {"type": "Feature", "geometry": {"type": "Polygon", "coordinates": [[[-62.64505319148936, 46.44890909090909], [-62.61768085106383, 46.44890909090909], [-62.61768085106383, 46.42161363636364], [-62.64505319148936, 46.42161363636364], [-62.64505319148936, 46.44890909090909]]]}, "properties": {"value": 4.537285327911377}}, {"type": "Feature", "geometry": {"type": "Polygon", "coordinates": [[[-62.61768085106383, 46.44890909090909], [-62.5903085106383, 46.44890909090909], [-62.5903085106383, 46.42161363636364], [-62.61768085106383, 46.42161363636364], [-62.61768085106383, 46.44890909090909]]]}, "properties": {"value": 4.621625900268555}}, {"type": "Feature", "geometry": {"type": "Polygon", "coordinates": [[[-62.5903085106383, 46.44890909090909], [-62.562936170212765, 46.44890909090909], [-62.562936170212765, 46.42161363636364], [-62.5903085106383, 46.42161363636364], [-62.5903085106383, 46.44890909090909]]]}, "properties": {"value": 4.621625900268555}}, {"type": "Feature", "geometry": {"type": "Polygon", "coordinates": [[[-62.562936170212765, 46.44890909090909], [-62.535563829787236, 46.44890909090909], [-62.535563829787236, 46.42161363636364], [-62.562936170212765, 46.42161363636364], [-62.562936170212765, 46.44890909090909]]]}, "properties": {"value": 3.287977933883667}}, {"type": "Feature", "geometry": {"type": "Polygon", "coordinates": [[[-62.535563829787236, 46.44890909090909], [-62.50819148936171, 46.44890909090909], [-62.50819148936171, 46.42161363636364], [-62.535563829787236, 46.42161363636364], [-62.535563829787236, 46.44890909090909]]]}, "properties": {"value": 2.920443058013916}}, {"type": "Feature", "geometry": {"type": "Polygon", "coordinates": [[[-62.50819148936171, 46.44890909090909], [-62.48081914893617, 46.44890909090909], [-62.48081914893617, 46.42161363636364], [-62.50819148936171, 46.42161363636364], [-62.50819148936171, 46.44890909090909]]]}, "properties": {"value": 3.247373342514038}}, {"type": "Feature", "geometry": {"type": "Polygon", "coordinates": [[[-62.48081914893617, 46.44890909090909], [-62.45344680851064, 46.44890909090909], [-62.45344680851064, 46.42161363636364], [-62.48081914893617, 46.42161363636364], [-62.48081914893617, 46.44890909090909]]]}, "properties": {"value": 2.2272520065307617}}, {"type": "Feature", "geometry": {"type": "Polygon", "coordinates": [[[-62.45344680851064, 46.44890909090909], [-62.426074468085105, 46.44890909090909], [-62.426074468085105, 46.42161363636364], [-62.45344680851064, 46.42161363636364], [-62.45344680851064, 46.44890909090909]]]}, "properties": {"value": 2.9384565353393555}}, {"type": "Feature", "geometry": {"type": "Polygon", "coordinates": [[[-62.426074468085105, 46.44890909090909], [-62.398702127659575, 46.44890909090909], [-62.398702127659575, 46.42161363636364], [-62.426074468085105, 46.42161363636364], [-62.426074468085105, 46.44890909090909]]]}, "properties": {"value": 2.5228068828582764}}, {"type": "Feature", "geometry": {"type": "Polygon", "coordinates": [[[-62.398702127659575, 46.44890909090909], [-62.371329787234046, 46.44890909090909], [-62.371329787234046, 46.42161363636364], [-62.398702127659575, 46.42161363636364], [-62.398702127659575, 46.44890909090909]]]}, "properties": {"value": 2.293900966644287}}, {"type": "Feature", "geometry": {"type": "Polygon", "coordinates": [[[-62.371329787234046, 46.44890909090909], [-62.34395744680851, 46.44890909090909], [-62.34395744680851, 46.42161363636364], [-62.371329787234046, 46.42161363636364], [-62.371329787234046, 46.44890909090909]]]}, "properties": {"value": 2.293900966644287}}, {"type": "Feature", "geometry": {"type": "Polygon", "coordinates": [[[-62.34395744680851, 46.44890909090909], [-62.31658510638298, 46.44890909090909], [-62.31658510638298, 46.42161363636364], [-62.34395744680851, 46.42161363636364], [-62.34395744680851, 46.44890909090909]]]}, "properties": {"value": 2.385267734527588}}, {"type": "Feature", "geometry": {"type": "Polygon", "coordinates": [[[-62.31658510638298, 46.44890909090909], [-62.28921276595745, 46.44890909090909], [-62.28921276595745, 46.42161363636364], [-62.31658510638298, 46.42161363636364], [-62.31658510638298, 46.44890909090909]]]}, "properties": {"value": 2.8674726486206055}}, {"type": "Feature", "geometry": {"type": "Polygon", "coordinates": [[[-62.28921276595745, 46.44890909090909], [-62.261840425531915, 46.44890909090909], [-62.261840425531915, 46.42161363636364], [-62.28921276595745, 46.42161363636364], [-62.28921276595745, 46.44890909090909]]]}, "properties": {"value": 2.8674726486206055}}, {"type": "Feature", "geometry": {"type": "Polygon", "coordinates": [[[-62.261840425531915, 46.44890909090909], [-62.234468085106386, 46.44890909090909], [-62.234468085106386, 46.42161363636364], [-62.261840425531915, 46.42161363636364], [-62.261840425531915, 46.44890909090909]]]}, "properties": {"value": 2.728731393814087}}, {"type": "Feature", "geometry": {"type": "Polygon", "coordinates": [[[-62.234468085106386, 46.44890909090909], [-62.20709574468085, 46.44890909090909], [-62.20709574468085, 46.42161363636364], [-62.234468085106386, 46.42161363636364], [-62.234468085106386, 46.44890909090909]]]}, "properties": {"value": 2.7020509243011475}}, {"type": "Feature", "geometry": {"type": "Polygon", "coordinates": [[[-62.20709574468085, 46.44890909090909], [-62.17972340425532, 46.44890909090909], [-62.17972340425532, 46.42161363636364], [-62.20709574468085, 46.42161363636364], [-62.20709574468085, 46.44890909090909]]]}, "properties": {"value": 2.9989547729492188}}, {"type": "Feature", "geometry": {"type": "Polygon", "coordinates": [[[-62.17972340425532, 46.44890909090909], [-62.15235106382979, 46.44890909090909], [-62.15235106382979, 46.42161363636364], [-62.17972340425532, 46.42161363636364], [-62.17972340425532, 46.44890909090909]]]}, "properties": {"value": 2.6100244522094727}}, {"type": "Feature", "geometry": {"type": "Polygon", "coordinates": [[[-62.15235106382979, 46.44890909090909], [-62.124978723404254, 46.44890909090909], [-62.124978723404254, 46.42161363636364], [-62.15235106382979, 46.42161363636364], [-62.15235106382979, 46.44890909090909]]]}, "properties": {"value": 2.3304460048675537}}, {"type": "Feature", "geometry": {"type": "Polygon", "coordinates": [[[-62.124978723404254, 46.44890909090909], [-62.097606382978725, 46.44890909090909], [-62.097606382978725, 46.42161363636364], [-62.124978723404254, 46.42161363636364], [-62.124978723404254, 46.44890909090909]]]}, "properties": {"value": 2.3304460048675537}}, {"type": "Feature", "geometry": {"type": "Polygon", "coordinates": [[[-62.097606382978725, 46.44890909090909], [-62.070234042553196, 46.44890909090909], [-62.070234042553196, 46.42161363636364], [-62.097606382978725, 46.42161363636364], [-62.097606382978725, 46.44890909090909]]]}, "properties": {"value": 2.719424247741699}}, {"type": "Feature", "geometry": {"type": "Polygon", "coordinates": [[[-62.070234042553196, 46.44890909090909], [-62.04286170212766, 46.44890909090909], [-62.04286170212766, 46.42161363636364], [-62.070234042553196, 46.42161363636364], [-62.070234042553196, 46.44890909090909]]]}, "properties": {"value": 3.3211307525634766}}, {"type": "Feature", "geometry": {"type": "Polygon", "coordinates": [[[-62.04286170212766, 46.44890909090909], [-62.01548936170213, 46.44890909090909], [-62.01548936170213, 46.42161363636364], [-62.04286170212766, 46.42161363636364], [-62.04286170212766, 46.44890909090909]]]}, "properties": {"value": 2.6474673748016357}}, {"type": "Feature", "geometry": {"type": "Polygon", "coordinates": [[[-62.01548936170213, 46.44890909090909], [-61.988117021276594, 46.44890909090909], [-61.988117021276594, 46.42161363636364], [-62.01548936170213, 46.42161363636364], [-62.01548936170213, 46.44890909090909]]]}, "properties": {"value": 1.6687843799591064}}, {"type": "Feature", "geometry": {"type": "Polygon", "coordinates": [[[-61.988117021276594, 46.44890909090909], [-61.960744680851064, 46.44890909090909], [-61.960744680851064, 46.42161363636364], [-61.988117021276594, 46.42161363636364], [-61.988117021276594, 46.44890909090909]]]}, "properties": {"value": 1.2411775588989258}}, {"type": "Feature", "geometry": {"type": "Polygon", "coordinates": [[[-64.15053191489362, 46.42161363636364], [-64.12315957446809, 46.42161363636364], [-64.12315957446809, 46.394318181818186], [-64.15053191489362, 46.394318181818186], [-64.15053191489362, 46.42161363636364]]]}, "properties": {"value": 4.1014204025268555}}, {"type": "Feature", "geometry": {"type": "Polygon", "coordinates": [[[-64.12315957446809, 46.42161363636364], [-64.09578723404256, 46.42161363636364], [-64.09578723404256, 46.394318181818186], [-64.12315957446809, 46.394318181818186], [-64.12315957446809, 46.42161363636364]]]}, "properties": {"value": 4.2626824378967285}}, {"type": "Feature", "geometry": {"type": "Polygon", "coordinates": [[[-64.09578723404256, 46.42161363636364], [-64.06841489361702, 46.42161363636364], [-64.06841489361702, 46.394318181818186], [-64.09578723404256, 46.394318181818186], [-64.09578723404256, 46.42161363636364]]]}, "properties": {"value": 6.296517372131348}}, {"type": "Feature", "geometry": {"type": "Polygon", "coordinates": [[[-64.06841489361702, 46.42161363636364], [-64.04104255319149, 46.42161363636364], [-64.04104255319149, 46.394318181818186], [-64.06841489361702, 46.394318181818186], [-64.06841489361702, 46.42161363636364]]]}, "properties": {"value": 5.3189592361450195}}, {"type": "Feature", "geometry": {"type": "Polygon", "coordinates": [[[-64.04104255319149, 46.42161363636364], [-64.01367021276596, 46.42161363636364], [-64.01367021276596, 46.394318181818186], [-64.04104255319149, 46.394318181818186], [-64.04104255319149, 46.42161363636364]]]}, "properties": {"value": 5.18866491317749}}, {"type": "Feature", "geometry": {"type": "Polygon", "coordinates": [[[-64.01367021276596, 46.42161363636364], [-63.98629787234043, 46.42161363636364], [-63.98629787234043, 46.394318181818186], [-64.01367021276596, 46.394318181818186], [-64.01367021276596, 46.42161363636364]]]}, "properties": {"value": 4.994048118591309}}, {"type": "Feature", "geometry": {"type": "Polygon", "coordinates": [[[-63.98629787234043, 46.42161363636364], [-63.95892553191489, 46.42161363636364], [-63.95892553191489, 46.394318181818186], [-63.98629787234043, 46.394318181818186], [-63.98629787234043, 46.42161363636364]]]}, "properties": {"value": 4.060084819793701}}, {"type": "Feature", "geometry": {"type": "Polygon", "coordinates": [[[-63.95892553191489, 46.42161363636364], [-63.931553191489364, 46.42161363636364], [-63.931553191489364, 46.394318181818186], [-63.95892553191489, 46.394318181818186], [-63.95892553191489, 46.42161363636364]]]}, "properties": {"value": 5.196318626403809}}, {"type": "Feature", "geometry": {"type": "Polygon", "coordinates": [[[-63.931553191489364, 46.42161363636364], [-63.904180851063835, 46.42161363636364], [-63.904180851063835, 46.394318181818186], [-63.931553191489364, 46.394318181818186], [-63.931553191489364, 46.42161363636364]]]}, "properties": {"value": 4.295781135559082}}, {"type": "Feature", "geometry": {"type": "Polygon", "coordinates": [[[-63.904180851063835, 46.42161363636364], [-63.8768085106383, 46.42161363636364], [-63.8768085106383, 46.394318181818186], [-63.904180851063835, 46.394318181818186], [-63.904180851063835, 46.42161363636364]]]}, "properties": {"value": 4.676361083984375}}, {"type": "Feature", "geometry": {"type": "Polygon", "coordinates": [[[-63.8768085106383, 46.42161363636364], [-63.84943617021277, 46.42161363636364], [-63.84943617021277, 46.394318181818186], [-63.8768085106383, 46.394318181818186], [-63.8768085106383, 46.42161363636364]]]}, "properties": {"value": 4.676361083984375}}, {"type": "Feature", "geometry": {"type": "Polygon", "coordinates": [[[-63.84943617021277, 46.42161363636364], [-63.82206382978723, 46.42161363636364], [-63.82206382978723, 46.394318181818186], [-63.84943617021277, 46.394318181818186], [-63.84943617021277, 46.42161363636364]]]}, "properties": {"value": 4.779684543609619}}, {"type": "Feature", "geometry": {"type": "Polygon", "coordinates": [[[-63.82206382978723, 46.42161363636364], [-63.7946914893617, 46.42161363636364], [-63.7946914893617, 46.394318181818186], [-63.82206382978723, 46.394318181818186], [-63.82206382978723, 46.42161363636364]]]}, "properties": {"value": 5.381336688995361}}, {"type": "Feature", "geometry": {"type": "Polygon", "coordinates": [[[-63.7946914893617, 46.42161363636364], [-63.767319148936174, 46.42161363636364], [-63.767319148936174, 46.394318181818186], [-63.7946914893617, 46.394318181818186], [-63.7946914893617, 46.42161363636364]]]}, "properties": {"value": 4.602142810821533}}, {"type": "Feature", "geometry": {"type": "Polygon", "coordinates": [[[-63.767319148936174, 46.42161363636364], [-63.73994680851064, 46.42161363636364], [-63.73994680851064, 46.394318181818186], [-63.767319148936174, 46.394318181818186], [-63.767319148936174, 46.42161363636364]]]}, "properties": {"value": 4.1172776222229}}, {"type": "Feature", "geometry": {"type": "Polygon", "coordinates": [[[-63.73994680851064, 46.42161363636364], [-63.71257446808511, 46.42161363636364], [-63.71257446808511, 46.394318181818186], [-63.73994680851064, 46.394318181818186], [-63.73994680851064, 46.42161363636364]]]}, "properties": {"value": 4.713123321533203}}, {"type": "Feature", "geometry": {"type": "Polygon", "coordinates": [[[-63.71257446808511, 46.42161363636364], [-63.68520212765958, 46.42161363636364], [-63.68520212765958, 46.394318181818186], [-63.71257446808511, 46.394318181818186], [-63.71257446808511, 46.42161363636364]]]}, "properties": {"value": 4.713123321533203}}, {"type": "Feature", "geometry": {"type": "Polygon", "coordinates": [[[-63.68520212765958, 46.42161363636364], [-63.65782978723404, 46.42161363636364], [-63.65782978723404, 46.394318181818186], [-63.68520212765958, 46.394318181818186], [-63.68520212765958, 46.42161363636364]]]}, "properties": {"value": 5.93638277053833}}, {"type": "Feature", "geometry": {"type": "Polygon", "coordinates": [[[-63.65782978723404, 46.42161363636364], [-63.630457446808514, 46.42161363636364], [-63.630457446808514, 46.394318181818186], [-63.65782978723404, 46.394318181818186], [-63.65782978723404, 46.42161363636364]]]}, "properties": {"value": 3.133699417114258}}, {"type": "Feature", "geometry": {"type": "Polygon", "coordinates": [[[-63.630457446808514, 46.42161363636364], [-63.60308510638298, 46.42161363636364], [-63.60308510638298, 46.394318181818186], [-63.630457446808514, 46.394318181818186], [-63.630457446808514, 46.42161363636364]]]}, "properties": {"value": 4.992061138153076}}, {"type": "Feature", "geometry": {"type": "Polygon", "coordinates": [[[-63.60308510638298, 46.42161363636364], [-63.57571276595745, 46.42161363636364], [-63.57571276595745, 46.394318181818186], [-63.60308510638298, 46.394318181818186], [-63.60308510638298, 46.42161363636364]]]}, "properties": {"value": 3.2185542583465576}}, {"type": "Feature", "geometry": {"type": "Polygon", "coordinates": [[[-63.57571276595745, 46.42161363636364], [-63.54834042553192, 46.42161363636364], [-63.54834042553192, 46.394318181818186], [-63.57571276595745, 46.394318181818186], [-63.57571276595745, 46.42161363636364]]]}, "properties": {"value": 2.471853733062744}}, {"type": "Feature", "geometry": {"type": "Polygon", "coordinates": [[[-63.54834042553192, 46.42161363636364], [-63.52096808510638, 46.42161363636364], [-63.52096808510638, 46.394318181818186], [-63.54834042553192, 46.394318181818186], [-63.54834042553192, 46.42161363636364]]]}, "properties": {"value": 4.974955081939697}}, {"type": "Feature", "geometry": {"type": "Polygon", "coordinates": [[[-63.52096808510638, 46.42161363636364], [-63.49359574468085, 46.42161363636364], [-63.49359574468085, 46.394318181818186], [-63.52096808510638, 46.394318181818186], [-63.52096808510638, 46.42161363636364]]]}, "properties": {"value": 3.4893462657928467}}, {"type": "Feature", "geometry": {"type": "Polygon", "coordinates": [[[-63.49359574468085, 46.42161363636364], [-63.466223404255324, 46.42161363636364], [-63.466223404255324, 46.394318181818186], [-63.49359574468085, 46.394318181818186], [-63.49359574468085, 46.42161363636364]]]}, "properties": {"value": 3.9633681774139404}}, {"type": "Feature", "geometry": {"type": "Polygon", "coordinates": [[[-63.466223404255324, 46.42161363636364], [-63.43885106382979, 46.42161363636364], [-63.43885106382979, 46.394318181818186], [-63.466223404255324, 46.394318181818186], [-63.466223404255324, 46.42161363636364]]]}, "properties": {"value": 3.9633681774139404}}, {"type": "Feature", "geometry": {"type": "Polygon", "coordinates": [[[-63.43885106382979, 46.42161363636364], [-63.41147872340426, 46.42161363636364], [-63.41147872340426, 46.394318181818186], [-63.43885106382979, 46.394318181818186], [-63.43885106382979, 46.42161363636364]]]}, "properties": {"value": 3.7749757766723633}}, {"type": "Feature", "geometry": {"type": "Polygon", "coordinates": [[[-63.41147872340426, 46.42161363636364], [-63.38410638297872, 46.42161363636364], [-63.38410638297872, 46.394318181818186], [-63.41147872340426, 46.394318181818186], [-63.41147872340426, 46.42161363636364]]]}, "properties": {"value": 3.42226243019104}}, {"type": "Feature", "geometry": {"type": "Polygon", "coordinates": [[[-63.38410638297872, 46.42161363636364], [-63.35673404255319, 46.42161363636364], [-63.35673404255319, 46.394318181818186], [-63.38410638297872, 46.394318181818186], [-63.38410638297872, 46.42161363636364]]]}, "properties": {"value": 3.8596351146698}}, {"type": "Feature", "geometry": {"type": "Polygon", "coordinates": [[[-63.35673404255319, 46.42161363636364], [-63.32936170212766, 46.42161363636364], [-63.32936170212766, 46.394318181818186], [-63.35673404255319, 46.394318181818186], [-63.35673404255319, 46.42161363636364]]]}, "properties": {"value": 3.1208648681640625}}, {"type": "Feature", "geometry": {"type": "Polygon", "coordinates": [[[-63.32936170212766, 46.42161363636364], [-63.30198936170213, 46.42161363636364], [-63.30198936170213, 46.394318181818186], [-63.32936170212766, 46.394318181818186], [-63.32936170212766, 46.42161363636364]]]}, "properties": {"value": 3.6121745109558105}}, {"type": "Feature", "geometry": {"type": "Polygon", "coordinates": [[[-63.30198936170213, 46.42161363636364], [-63.2746170212766, 46.42161363636364], [-63.2746170212766, 46.394318181818186], [-63.30198936170213, 46.394318181818186], [-63.30198936170213, 46.42161363636364]]]}, "properties": {"value": 3.6121745109558105}}, {"type": "Feature", "geometry": {"type": "Polygon", "coordinates": [[[-63.2746170212766, 46.42161363636364], [-63.24724468085107, 46.42161363636364], [-63.24724468085107, 46.394318181818186], [-63.2746170212766, 46.394318181818186], [-63.2746170212766, 46.42161363636364]]]}, "properties": {"value": 3.5290801525115967}}, {"type": "Feature", "geometry": {"type": "Polygon", "coordinates": [[[-63.24724468085107, 46.42161363636364], [-63.21987234042553, 46.42161363636364], [-63.21987234042553, 46.394318181818186], [-63.24724468085107, 46.394318181818186], [-63.24724468085107, 46.42161363636364]]]}, "properties": {"value": 3.5290801525115967}}, {"type": "Feature", "geometry": {"type": "Polygon", "coordinates": [[[-63.21987234042553, 46.42161363636364], [-63.1925, 46.42161363636364], [-63.1925, 46.394318181818186], [-63.21987234042553, 46.394318181818186], [-63.21987234042553, 46.42161363636364]]]}, "properties": {"value": 4.204051971435547}}, {"type": "Feature", "geometry": {"type": "Polygon", "coordinates": [[[-63.1925, 46.42161363636364], [-63.165127659574466, 46.42161363636364], [-63.165127659574466, 46.394318181818186], [-63.1925, 46.394318181818186], [-63.1925, 46.42161363636364]]]}, "properties": {"value": 5.009453773498535}}, {"type": "Feature", "geometry": {"type": "Polygon", "coordinates": [[[-63.165127659574466, 46.42161363636364], [-63.13775531914894, 46.42161363636364], [-63.13775531914894, 46.394318181818186], [-63.165127659574466, 46.394318181818186], [-63.165127659574466, 46.42161363636364]]]}, "properties": {"value": 4.001985549926758}}, {"type": "Feature", "geometry": {"type": "Polygon", "coordinates": [[[-63.13775531914894, 46.42161363636364], [-63.11038297872341, 46.42161363636364], [-63.11038297872341, 46.394318181818186], [-63.13775531914894, 46.394318181818186], [-63.13775531914894, 46.42161363636364]]]}, "properties": {"value": 4.359446048736572}}, {"type": "Feature", "geometry": {"type": "Polygon", "coordinates": [[[-63.11038297872341, 46.42161363636364], [-63.08301063829787, 46.42161363636364], [-63.08301063829787, 46.394318181818186], [-63.11038297872341, 46.394318181818186], [-63.11038297872341, 46.42161363636364]]]}, "properties": {"value": 4.387514114379883}}, {"type": "Feature", "geometry": {"type": "Polygon", "coordinates": [[[-63.08301063829787, 46.42161363636364], [-63.05563829787234, 46.42161363636364], [-63.05563829787234, 46.394318181818186], [-63.08301063829787, 46.394318181818186], [-63.08301063829787, 46.42161363636364]]]}, "properties": {"value": 3.321507215499878}}, {"type": "Feature", "geometry": {"type": "Polygon", "coordinates": [[[-63.05563829787234, 46.42161363636364], [-63.02826595744681, 46.42161363636364], [-63.02826595744681, 46.394318181818186], [-63.05563829787234, 46.394318181818186], [-63.05563829787234, 46.42161363636364]]]}, "properties": {"value": 3.0122880935668945}}, {"type": "Feature", "geometry": {"type": "Polygon", "coordinates": [[[-63.02826595744681, 46.42161363636364], [-63.000893617021276, 46.42161363636364], [-63.000893617021276, 46.394318181818186], [-63.02826595744681, 46.394318181818186], [-63.02826595744681, 46.42161363636364]]]}, "properties": {"value": 2.724027633666992}}, {"type": "Feature", "geometry": {"type": "Polygon", "coordinates": [[[-63.000893617021276, 46.42161363636364], [-62.97352127659575, 46.42161363636364], [-62.97352127659575, 46.394318181818186], [-63.000893617021276, 46.394318181818186], [-63.000893617021276, 46.42161363636364]]]}, "properties": {"value": 2.724027633666992}}, {"type": "Feature", "geometry": {"type": "Polygon", "coordinates": [[[-62.97352127659575, 46.42161363636364], [-62.94614893617022, 46.42161363636364], [-62.94614893617022, 46.394318181818186], [-62.97352127659575, 46.394318181818186], [-62.97352127659575, 46.42161363636364]]]}, "properties": {"value": 3.7655317783355713}}, {"type": "Feature", "geometry": {"type": "Polygon", "coordinates": [[[-62.94614893617022, 46.42161363636364], [-62.91877659574468, 46.42161363636364], [-62.91877659574468, 46.394318181818186], [-62.94614893617022, 46.394318181818186], [-62.94614893617022, 46.42161363636364]]]}, "properties": {"value": 4.10886812210083}}, {"type": "Feature", "geometry": {"type": "Polygon", "coordinates": [[[-62.91877659574468, 46.42161363636364], [-62.89140425531915, 46.42161363636364], [-62.89140425531915, 46.394318181818186], [-62.91877659574468, 46.394318181818186], [-62.91877659574468, 46.42161363636364]]]}, "properties": {"value": 3.8101298809051514}}, {"type": "Feature", "geometry": {"type": "Polygon", "coordinates": [[[-62.89140425531915, 46.42161363636364], [-62.864031914893616, 46.42161363636364], [-62.864031914893616, 46.394318181818186], [-62.89140425531915, 46.394318181818186], [-62.89140425531915, 46.42161363636364]]]}, "properties": {"value": 4.088231563568115}}, {"type": "Feature", "geometry": {"type": "Polygon", "coordinates": [[[-62.864031914893616, 46.42161363636364], [-62.83665957446809, 46.42161363636364], [-62.83665957446809, 46.394318181818186], [-62.864031914893616, 46.394318181818186], [-62.864031914893616, 46.42161363636364]]]}, "properties": {"value": 3.76133131980896}}, {"type": "Feature", "geometry": {"type": "Polygon", "coordinates": [[[-62.83665957446809, 46.42161363636364], [-62.80928723404256, 46.42161363636364], [-62.80928723404256, 46.394318181818186], [-62.83665957446809, 46.394318181818186], [-62.83665957446809, 46.42161363636364]]]}, "properties": {"value": 3.76133131980896}}, {"type": "Feature", "geometry": {"type": "Polygon", "coordinates": [[[-62.80928723404256, 46.42161363636364], [-62.78191489361702, 46.42161363636364], [-62.78191489361702, 46.394318181818186], [-62.80928723404256, 46.394318181818186], [-62.80928723404256, 46.42161363636364]]]}, "properties": {"value": 3.556572437286377}}, {"type": "Feature", "geometry": {"type": "Polygon", "coordinates": [[[-62.78191489361702, 46.42161363636364], [-62.75454255319149, 46.42161363636364], [-62.75454255319149, 46.394318181818186], [-62.78191489361702, 46.394318181818186], [-62.78191489361702, 46.42161363636364]]]}, "properties": {"value": 3.556572437286377}}, {"type": "Feature", "geometry": {"type": "Polygon", "coordinates": [[[-62.75454255319149, 46.42161363636364], [-62.72717021276596, 46.42161363636364], [-62.72717021276596, 46.394318181818186], [-62.75454255319149, 46.394318181818186], [-62.75454255319149, 46.42161363636364]]]}, "properties": {"value": 4.160582065582275}}, {"type": "Feature", "geometry": {"type": "Polygon", "coordinates": [[[-62.72717021276596, 46.42161363636364], [-62.699797872340426, 46.42161363636364], [-62.699797872340426, 46.394318181818186], [-62.72717021276596, 46.394318181818186], [-62.72717021276596, 46.42161363636364]]]}, "properties": {"value": 3.940140724182129}}, {"type": "Feature", "geometry": {"type": "Polygon", "coordinates": [[[-62.699797872340426, 46.42161363636364], [-62.6724255319149, 46.42161363636364], [-62.6724255319149, 46.394318181818186], [-62.699797872340426, 46.394318181818186], [-62.699797872340426, 46.42161363636364]]]}, "properties": {"value": 3.940140724182129}}, {"type": "Feature", "geometry": {"type": "Polygon", "coordinates": [[[-62.6724255319149, 46.42161363636364], [-62.64505319148936, 46.42161363636364], [-62.64505319148936, 46.394318181818186], [-62.6724255319149, 46.394318181818186], [-62.6724255319149, 46.42161363636364]]]}, "properties": {"value": 3.469097852706909}}, {"type": "Feature", "geometry": {"type": "Polygon", "coordinates": [[[-62.64505319148936, 46.42161363636364], [-62.61768085106383, 46.42161363636364], [-62.61768085106383, 46.394318181818186], [-62.64505319148936, 46.394318181818186], [-62.64505319148936, 46.42161363636364]]]}, "properties": {"value": 4.7283501625061035}}, {"type": "Feature", "geometry": {"type": "Polygon", "coordinates": [[[-62.61768085106383, 46.42161363636364], [-62.5903085106383, 46.42161363636364], [-62.5903085106383, 46.394318181818186], [-62.61768085106383, 46.394318181818186], [-62.61768085106383, 46.42161363636364]]]}, "properties": {"value": 4.5209503173828125}}, {"type": "Feature", "geometry": {"type": "Polygon", "coordinates": [[[-62.5903085106383, 46.42161363636364], [-62.562936170212765, 46.42161363636364], [-62.562936170212765, 46.394318181818186], [-62.5903085106383, 46.394318181818186], [-62.5903085106383, 46.42161363636364]]]}, "properties": {"value": 3.9306845664978027}}, {"type": "Feature", "geometry": {"type": "Polygon", "coordinates": [[[-62.562936170212765, 46.42161363636364], [-62.535563829787236, 46.42161363636364], [-62.535563829787236, 46.394318181818186], [-62.562936170212765, 46.394318181818186], [-62.562936170212765, 46.42161363636364]]]}, "properties": {"value": 3.41796875}}, {"type": "Feature", "geometry": {"type": "Polygon", "coordinates": [[[-62.535563829787236, 46.42161363636364], [-62.50819148936171, 46.42161363636364], [-62.50819148936171, 46.394318181818186], [-62.535563829787236, 46.394318181818186], [-62.535563829787236, 46.42161363636364]]]}, "properties": {"value": 3.41796875}}, {"type": "Feature", "geometry": {"type": "Polygon", "coordinates": [[[-62.50819148936171, 46.42161363636364], [-62.48081914893617, 46.42161363636364], [-62.48081914893617, 46.394318181818186], [-62.50819148936171, 46.394318181818186], [-62.50819148936171, 46.42161363636364]]]}, "properties": {"value": 2.832042932510376}}, {"type": "Feature", "geometry": {"type": "Polygon", "coordinates": [[[-62.48081914893617, 46.42161363636364], [-62.45344680851064, 46.42161363636364], [-62.45344680851064, 46.394318181818186], [-62.48081914893617, 46.394318181818186], [-62.48081914893617, 46.42161363636364]]]}, "properties": {"value": 2.7567245960235596}}, {"type": "Feature", "geometry": {"type": "Polygon", "coordinates": [[[-62.45344680851064, 46.42161363636364], [-62.426074468085105, 46.42161363636364], [-62.426074468085105, 46.394318181818186], [-62.45344680851064, 46.394318181818186], [-62.45344680851064, 46.42161363636364]]]}, "properties": {"value": 2.496906042098999}}, {"type": "Feature", "geometry": {"type": "Polygon", "coordinates": [[[-62.426074468085105, 46.42161363636364], [-62.398702127659575, 46.42161363636364], [-62.398702127659575, 46.394318181818186], [-62.426074468085105, 46.394318181818186], [-62.426074468085105, 46.42161363636364]]]}, "properties": {"value": 2.1297390460968018}}, {"type": "Feature", "geometry": {"type": "Polygon", "coordinates": [[[-62.398702127659575, 46.42161363636364], [-62.371329787234046, 46.42161363636364], [-62.371329787234046, 46.394318181818186], [-62.398702127659575, 46.394318181818186], [-62.398702127659575, 46.42161363636364]]]}, "properties": {"value": 2.025362730026245}}, {"type": "Feature", "geometry": {"type": "Polygon", "coordinates": [[[-62.371329787234046, 46.42161363636364], [-62.34395744680851, 46.42161363636364], [-62.34395744680851, 46.394318181818186], [-62.371329787234046, 46.394318181818186], [-62.371329787234046, 46.42161363636364]]]}, "properties": {"value": 2.542555809020996}}, {"type": "Feature", "geometry": {"type": "Polygon", "coordinates": [[[-62.34395744680851, 46.42161363636364], [-62.31658510638298, 46.42161363636364], [-62.31658510638298, 46.394318181818186], [-62.34395744680851, 46.394318181818186], [-62.34395744680851, 46.42161363636364]]]}, "properties": {"value": 1.6435006856918335}}, {"type": "Feature", "geometry": {"type": "Polygon", "coordinates": [[[-62.31658510638298, 46.42161363636364], [-62.28921276595745, 46.42161363636364], [-62.28921276595745, 46.394318181818186], [-62.31658510638298, 46.394318181818186], [-62.31658510638298, 46.42161363636364]]]}, "properties": {"value": 1.928205966949463}}, {"type": "Feature", "geometry": {"type": "Polygon", "coordinates": [[[-62.28921276595745, 46.42161363636364], [-62.261840425531915, 46.42161363636364], [-62.261840425531915, 46.394318181818186], [-62.28921276595745, 46.394318181818186], [-62.28921276595745, 46.42161363636364]]]}, "properties": {"value": 2.391305923461914}}, {"type": "Feature", "geometry": {"type": "Polygon", "coordinates": [[[-62.261840425531915, 46.42161363636364], [-62.234468085106386, 46.42161363636364], [-62.234468085106386, 46.394318181818186], [-62.261840425531915, 46.394318181818186], [-62.261840425531915, 46.42161363636364]]]}, "properties": {"value": 3.489962339401245}}, {"type": "Feature", "geometry": {"type": "Polygon", "coordinates": [[[-62.234468085106386, 46.42161363636364], [-62.20709574468085, 46.42161363636364], [-62.20709574468085, 46.394318181818186], [-62.234468085106386, 46.394318181818186], [-62.234468085106386, 46.42161363636364]]]}, "properties": {"value": 3.489962339401245}}, {"type": "Feature", "geometry": {"type": "Polygon", "coordinates": [[[-62.20709574468085, 46.42161363636364], [-62.17972340425532, 46.42161363636364], [-62.17972340425532, 46.394318181818186], [-62.20709574468085, 46.394318181818186], [-62.20709574468085, 46.42161363636364]]]}, "properties": {"value": 2.7033658027648926}}, {"type": "Feature", "geometry": {"type": "Polygon", "coordinates": [[[-62.17972340425532, 46.42161363636364], [-62.15235106382979, 46.42161363636364], [-62.15235106382979, 46.394318181818186], [-62.17972340425532, 46.394318181818186], [-62.17972340425532, 46.42161363636364]]]}, "properties": {"value": 2.498549461364746}}, {"type": "Feature", "geometry": {"type": "Polygon", "coordinates": [[[-62.15235106382979, 46.42161363636364], [-62.124978723404254, 46.42161363636364], [-62.124978723404254, 46.394318181818186], [-62.15235106382979, 46.394318181818186], [-62.15235106382979, 46.42161363636364]]]}, "properties": {"value": 2.072054862976074}}, {"type": "Feature", "geometry": {"type": "Polygon", "coordinates": [[[-62.124978723404254, 46.42161363636364], [-62.097606382978725, 46.42161363636364], [-62.097606382978725, 46.394318181818186], [-62.124978723404254, 46.394318181818186], [-62.124978723404254, 46.42161363636364]]]}, "properties": {"value": 3.75468111038208}}, {"type": "Feature", "geometry": {"type": "Polygon", "coordinates": [[[-62.097606382978725, 46.42161363636364], [-62.070234042553196, 46.42161363636364], [-62.070234042553196, 46.394318181818186], [-62.097606382978725, 46.394318181818186], [-62.097606382978725, 46.42161363636364]]]}, "properties": {"value": 2.1468803882598877}}, {"type": "Feature", "geometry": {"type": "Polygon", "coordinates": [[[-62.070234042553196, 46.42161363636364], [-62.04286170212766, 46.42161363636364], [-62.04286170212766, 46.394318181818186], [-62.070234042553196, 46.394318181818186], [-62.070234042553196, 46.42161363636364]]]}, "properties": {"value": 2.1468803882598877}}, {"type": "Feature", "geometry": {"type": "Polygon", "coordinates": [[[-62.04286170212766, 46.42161363636364], [-62.01548936170213, 46.42161363636364], [-62.01548936170213, 46.394318181818186], [-62.04286170212766, 46.394318181818186], [-62.04286170212766, 46.42161363636364]]]}, "properties": {"value": 1.5534586906433105}}, {"type": "Feature", "geometry": {"type": "Polygon", "coordinates": [[[-64.06841489361702, 46.394318181818186], [-64.04104255319149, 46.394318181818186], [-64.04104255319149, 46.367022727272726], [-64.06841489361702, 46.367022727272726], [-64.06841489361702, 46.394318181818186]]]}, "properties": {"value": 3.8861002922058105}}, {"type": "Feature", "geometry": {"type": "Polygon", "coordinates": [[[-64.04104255319149, 46.394318181818186], [-64.01367021276596, 46.394318181818186], [-64.01367021276596, 46.367022727272726], [-64.04104255319149, 46.367022727272726], [-64.04104255319149, 46.394318181818186]]]}, "properties": {"value": 3.8861002922058105}}, {"type": "Feature", "geometry": {"type": "Polygon", "coordinates": [[[-64.01367021276596, 46.394318181818186], [-63.98629787234043, 46.394318181818186], [-63.98629787234043, 46.367022727272726], [-64.01367021276596, 46.367022727272726], [-64.01367021276596, 46.394318181818186]]]}, "properties": {"value": 4.178066253662109}}, {"type": "Feature", "geometry": {"type": "Polygon", "coordinates": [[[-63.98629787234043, 46.394318181818186], [-63.95892553191489, 46.394318181818186], [-63.95892553191489, 46.367022727272726], [-63.98629787234043, 46.367022727272726], [-63.98629787234043, 46.394318181818186]]]}, "properties": {"value": 3.439112663269043}}, {"type": "Feature", "geometry": {"type": "Polygon", "coordinates": [[[-63.904180851063835, 46.394318181818186], [-63.8768085106383, 46.394318181818186], [-63.8768085106383, 46.367022727272726], [-63.904180851063835, 46.367022727272726], [-63.904180851063835, 46.394318181818186]]]}, "properties": {"value": 3.0872344970703125}}, {"type": "Feature", "geometry": {"type": "Polygon", "coordinates": [[[-63.84943617021277, 46.394318181818186], [-63.82206382978723, 46.394318181818186], [-63.82206382978723, 46.367022727272726], [-63.84943617021277, 46.367022727272726], [-63.84943617021277, 46.394318181818186]]]}, "properties": {"value": 2.85349440574646}}, {"type": "Feature", "geometry": {"type": "Polygon", "coordinates": [[[-63.82206382978723, 46.394318181818186], [-63.7946914893617, 46.394318181818186], [-63.7946914893617, 46.367022727272726], [-63.82206382978723, 46.367022727272726], [-63.82206382978723, 46.394318181818186]]]}, "properties": {"value": 2.682966470718384}}, {"type": "Feature", "geometry": {"type": "Polygon", "coordinates": [[[-63.7946914893617, 46.394318181818186], [-63.767319148936174, 46.394318181818186], [-63.767319148936174, 46.367022727272726], [-63.7946914893617, 46.367022727272726], [-63.7946914893617, 46.394318181818186]]]}, "properties": {"value": 3.6796681880950928}}, {"type": "Feature", "geometry": {"type": "Polygon", "coordinates": [[[-63.767319148936174, 46.394318181818186], [-63.73994680851064, 46.394318181818186], [-63.73994680851064, 46.367022727272726], [-63.767319148936174, 46.367022727272726], [-63.767319148936174, 46.394318181818186]]]}, "properties": {"value": 4.340190410614014}}, {"type": "Feature", "geometry": {"type": "Polygon", "coordinates": [[[-63.73994680851064, 46.394318181818186], [-63.71257446808511, 46.394318181818186], [-63.71257446808511, 46.367022727272726], [-63.73994680851064, 46.367022727272726], [-63.73994680851064, 46.394318181818186]]]}, "properties": {"value": 4.213273048400879}}, {"type": "Feature", "geometry": {"type": "Polygon", "coordinates": [[[-63.71257446808511, 46.394318181818186], [-63.68520212765958, 46.394318181818186], [-63.68520212765958, 46.367022727272726], [-63.71257446808511, 46.367022727272726], [-63.71257446808511, 46.394318181818186]]]}, "properties": {"value": 4.441524505615234}}, {"type": "Feature", "geometry": {"type": "Polygon", "coordinates": [[[-63.68520212765958, 46.394318181818186], [-63.65782978723404, 46.394318181818186], [-63.65782978723404, 46.367022727272726], [-63.68520212765958, 46.367022727272726], [-63.68520212765958, 46.394318181818186]]]}, "properties": {"value": 3.1538479328155518}}, {"type": "Feature", "geometry": {"type": "Polygon", "coordinates": [[[-63.65782978723404, 46.394318181818186], [-63.630457446808514, 46.394318181818186], [-63.630457446808514, 46.367022727272726], [-63.65782978723404, 46.367022727272726], [-63.65782978723404, 46.394318181818186]]]}, "properties": {"value": 3.1538479328155518}}, {"type": "Feature", "geometry": {"type": "Polygon", "coordinates": [[[-63.630457446808514, 46.394318181818186], [-63.60308510638298, 46.394318181818186], [-63.60308510638298, 46.367022727272726], [-63.630457446808514, 46.367022727272726], [-63.630457446808514, 46.394318181818186]]]}, "properties": {"value": 3.3279292583465576}}, {"type": "Feature", "geometry": {"type": "Polygon", "coordinates": [[[-63.60308510638298, 46.394318181818186], [-63.57571276595745, 46.394318181818186], [-63.57571276595745, 46.367022727272726], [-63.60308510638298, 46.367022727272726], [-63.60308510638298, 46.394318181818186]]]}, "properties": {"value": 2.8356761932373047}}, {"type": "Feature", "geometry": {"type": "Polygon", "coordinates": [[[-63.57571276595745, 46.394318181818186], [-63.54834042553192, 46.394318181818186], [-63.54834042553192, 46.367022727272726], [-63.57571276595745, 46.367022727272726], [-63.57571276595745, 46.394318181818186]]]}, "properties": {"value": 2.8356761932373047}}, {"type": "Feature", "geometry": {"type": "Polygon", "coordinates": [[[-63.54834042553192, 46.394318181818186], [-63.52096808510638, 46.394318181818186], [-63.52096808510638, 46.367022727272726], [-63.54834042553192, 46.367022727272726], [-63.54834042553192, 46.394318181818186]]]}, "properties": {"value": 1.8719468116760254}}, {"type": "Feature", "geometry": {"type": "Polygon", "coordinates": [[[-63.52096808510638, 46.394318181818186], [-63.49359574468085, 46.394318181818186], [-63.49359574468085, 46.367022727272726], [-63.52096808510638, 46.367022727272726], [-63.52096808510638, 46.394318181818186]]]}, "properties": {"value": 1.5326634645462036}}, {"type": "Feature", "geometry": {"type": "Polygon", "coordinates": [[[-63.49359574468085, 46.394318181818186], [-63.466223404255324, 46.394318181818186], [-63.466223404255324, 46.367022727272726], [-63.49359574468085, 46.367022727272726], [-63.49359574468085, 46.394318181818186]]]}, "properties": {"value": 2.6472201347351074}}, {"type": "Feature", "geometry": {"type": "Polygon", "coordinates": [[[-63.466223404255324, 46.394318181818186], [-63.43885106382979, 46.394318181818186], [-63.43885106382979, 46.367022727272726], [-63.466223404255324, 46.367022727272726], [-63.466223404255324, 46.394318181818186]]]}, "properties": {"value": 1.9711711406707764}}, {"type": "Feature", "geometry": {"type": "Polygon", "coordinates": [[[-63.43885106382979, 46.394318181818186], [-63.41147872340426, 46.394318181818186], [-63.41147872340426, 46.367022727272726], [-63.43885106382979, 46.367022727272726], [-63.43885106382979, 46.394318181818186]]]}, "properties": {"value": 2.206660747528076}}, {"type": "Feature", "geometry": {"type": "Polygon", "coordinates": [[[-63.41147872340426, 46.394318181818186], [-63.38410638297872, 46.394318181818186], [-63.38410638297872, 46.367022727272726], [-63.41147872340426, 46.367022727272726], [-63.41147872340426, 46.394318181818186]]]}, "properties": {"value": 2.206660747528076}}, {"type": "Feature", "geometry": {"type": "Polygon", "coordinates": [[[-63.38410638297872, 46.394318181818186], [-63.35673404255319, 46.394318181818186], [-63.35673404255319, 46.367022727272726], [-63.38410638297872, 46.367022727272726], [-63.38410638297872, 46.394318181818186]]]}, "properties": {"value": 2.8971612453460693}}, {"type": "Feature", "geometry": {"type": "Polygon", "coordinates": [[[-63.35673404255319, 46.394318181818186], [-63.32936170212766, 46.394318181818186], [-63.32936170212766, 46.367022727272726], [-63.35673404255319, 46.367022727272726], [-63.35673404255319, 46.394318181818186]]]}, "properties": {"value": 1.8031725883483887}}, {"type": "Feature", "geometry": {"type": "Polygon", "coordinates": [[[-63.32936170212766, 46.394318181818186], [-63.30198936170213, 46.394318181818186], [-63.30198936170213, 46.367022727272726], [-63.32936170212766, 46.367022727272726], [-63.32936170212766, 46.394318181818186]]]}, "properties": {"value": 3.4844884872436523}}, {"type": "Feature", "geometry": {"type": "Polygon", "coordinates": [[[-63.30198936170213, 46.394318181818186], [-63.2746170212766, 46.394318181818186], [-63.2746170212766, 46.367022727272726], [-63.30198936170213, 46.367022727272726], [-63.30198936170213, 46.394318181818186]]]}, "properties": {"value": 2.4374890327453613}}, {"type": "Feature", "geometry": {"type": "Polygon", "coordinates": [[[-63.2746170212766, 46.394318181818186], [-63.24724468085107, 46.394318181818186], [-63.24724468085107, 46.367022727272726], [-63.2746170212766, 46.367022727272726], [-63.2746170212766, 46.394318181818186]]]}, "properties": {"value": 2.949211835861206}}, {"type": "Feature", "geometry": {"type": "Polygon", "coordinates": [[[-63.24724468085107, 46.394318181818186], [-63.21987234042553, 46.394318181818186], [-63.21987234042553, 46.367022727272726], [-63.24724468085107, 46.367022727272726], [-63.24724468085107, 46.394318181818186]]]}, "properties": {"value": 2.949211835861206}}, {"type": "Feature", "geometry": {"type": "Polygon", "coordinates": [[[-63.21987234042553, 46.394318181818186], [-63.1925, 46.394318181818186], [-63.1925, 46.367022727272726], [-63.21987234042553, 46.367022727272726], [-63.21987234042553, 46.394318181818186]]]}, "properties": {"value": 3.6379828453063965}}, {"type": "Feature", "geometry": {"type": "Polygon", "coordinates": [[[-63.1925, 46.394318181818186], [-63.165127659574466, 46.394318181818186], [-63.165127659574466, 46.367022727272726], [-63.1925, 46.367022727272726], [-63.1925, 46.394318181818186]]]}, "properties": {"value": 3.199652671813965}}, {"type": "Feature", "geometry": {"type": "Polygon", "coordinates": [[[-63.165127659574466, 46.394318181818186], [-63.13775531914894, 46.394318181818186], [-63.13775531914894, 46.367022727272726], [-63.165127659574466, 46.367022727272726], [-63.165127659574466, 46.394318181818186]]]}, "properties": {"value": 4.253217697143555}}, {"type": "Feature", "geometry": {"type": "Polygon", "coordinates": [[[-63.13775531914894, 46.394318181818186], [-63.11038297872341, 46.394318181818186], [-63.11038297872341, 46.367022727272726], [-63.13775531914894, 46.367022727272726], [-63.13775531914894, 46.394318181818186]]]}, "properties": {"value": 5.01663875579834}}, {"type": "Feature", "geometry": {"type": "Polygon", "coordinates": [[[-63.11038297872341, 46.394318181818186], [-63.08301063829787, 46.394318181818186], [-63.08301063829787, 46.367022727272726], [-63.11038297872341, 46.367022727272726], [-63.11038297872341, 46.394318181818186]]]}, "properties": {"value": 5.01663875579834}}, {"type": "Feature", "geometry": {"type": "Polygon", "coordinates": [[[-63.08301063829787, 46.394318181818186], [-63.05563829787234, 46.394318181818186], [-63.05563829787234, 46.367022727272726], [-63.08301063829787, 46.367022727272726], [-63.08301063829787, 46.394318181818186]]]}, "properties": {"value": 4.5597028732299805}}, {"type": "Feature", "geometry": {"type": "Polygon", "coordinates": [[[-63.05563829787234, 46.394318181818186], [-63.02826595744681, 46.394318181818186], [-63.02826595744681, 46.367022727272726], [-63.05563829787234, 46.367022727272726], [-63.05563829787234, 46.394318181818186]]]}, "properties": {"value": 3.9739856719970703}}, {"type": "Feature", "geometry": {"type": "Polygon", "coordinates": [[[-63.02826595744681, 46.394318181818186], [-63.000893617021276, 46.394318181818186], [-63.000893617021276, 46.367022727272726], [-63.02826595744681, 46.367022727272726], [-63.02826595744681, 46.394318181818186]]]}, "properties": {"value": 2.712834596633911}}, {"type": "Feature", "geometry": {"type": "Polygon", "coordinates": [[[-63.000893617021276, 46.394318181818186], [-62.97352127659575, 46.394318181818186], [-62.97352127659575, 46.367022727272726], [-63.000893617021276, 46.367022727272726], [-63.000893617021276, 46.394318181818186]]]}, "properties": {"value": 2.1591620445251465}}, {"type": "Feature", "geometry": {"type": "Polygon", "coordinates": [[[-62.97352127659575, 46.394318181818186], [-62.94614893617022, 46.394318181818186], [-62.94614893617022, 46.367022727272726], [-62.97352127659575, 46.367022727272726], [-62.97352127659575, 46.394318181818186]]]}, "properties": {"value": 3.8229432106018066}}, {"type": "Feature", "geometry": {"type": "Polygon", "coordinates": [[[-62.94614893617022, 46.394318181818186], [-62.91877659574468, 46.394318181818186], [-62.91877659574468, 46.367022727272726], [-62.94614893617022, 46.367022727272726], [-62.94614893617022, 46.394318181818186]]]}, "properties": {"value": 3.8229432106018066}}, {"type": "Feature", "geometry": {"type": "Polygon", "coordinates": [[[-62.91877659574468, 46.394318181818186], [-62.89140425531915, 46.394318181818186], [-62.89140425531915, 46.367022727272726], [-62.91877659574468, 46.367022727272726], [-62.91877659574468, 46.394318181818186]]]}, "properties": {"value": 3.1673593521118164}}, {"type": "Feature", "geometry": {"type": "Polygon", "coordinates": [[[-62.89140425531915, 46.394318181818186], [-62.864031914893616, 46.394318181818186], [-62.864031914893616, 46.367022727272726], [-62.89140425531915, 46.367022727272726], [-62.89140425531915, 46.394318181818186]]]}, "properties": {"value": 4.532082557678223}}, {"type": "Feature", "geometry": {"type": "Polygon", "coordinates": [[[-62.864031914893616, 46.394318181818186], [-62.83665957446809, 46.394318181818186], [-62.83665957446809, 46.367022727272726], [-62.864031914893616, 46.367022727272726], [-62.864031914893616, 46.394318181818186]]]}, "properties": {"value": 3.757200002670288}}, {"type": "Feature", "geometry": {"type": "Polygon", "coordinates": [[[-62.83665957446809, 46.394318181818186], [-62.80928723404256, 46.394318181818186], [-62.80928723404256, 46.367022727272726], [-62.83665957446809, 46.367022727272726], [-62.83665957446809, 46.394318181818186]]]}, "properties": {"value": 4.918636322021484}}, {"type": "Feature", "geometry": {"type": "Polygon", "coordinates": [[[-62.80928723404256, 46.394318181818186], [-62.78191489361702, 46.394318181818186], [-62.78191489361702, 46.367022727272726], [-62.80928723404256, 46.367022727272726], [-62.80928723404256, 46.394318181818186]]]}, "properties": {"value": 3.081866502761841}}, {"type": "Feature", "geometry": {"type": "Polygon", "coordinates": [[[-62.78191489361702, 46.394318181818186], [-62.75454255319149, 46.394318181818186], [-62.75454255319149, 46.367022727272726], [-62.78191489361702, 46.367022727272726], [-62.78191489361702, 46.394318181818186]]]}, "properties": {"value": 3.1469063758850098}}, {"type": "Feature", "geometry": {"type": "Polygon", "coordinates": [[[-62.75454255319149, 46.394318181818186], [-62.72717021276596, 46.394318181818186], [-62.72717021276596, 46.367022727272726], [-62.75454255319149, 46.367022727272726], [-62.75454255319149, 46.394318181818186]]]}, "properties": {"value": 3.1401102542877197}}, {"type": "Feature", "geometry": {"type": "Polygon", "coordinates": [[[-62.72717021276596, 46.394318181818186], [-62.699797872340426, 46.394318181818186], [-62.699797872340426, 46.367022727272726], [-62.72717021276596, 46.367022727272726], [-62.72717021276596, 46.394318181818186]]]}, "properties": {"value": 3.7736661434173584}}, {"type": "Feature", "geometry": {"type": "Polygon", "coordinates": [[[-62.699797872340426, 46.394318181818186], [-62.6724255319149, 46.394318181818186], [-62.6724255319149, 46.367022727272726], [-62.699797872340426, 46.367022727272726], [-62.699797872340426, 46.394318181818186]]]}, "properties": {"value": 3.7736661434173584}}, {"type": "Feature", "geometry": {"type": "Polygon", "coordinates": [[[-62.6724255319149, 46.394318181818186], [-62.64505319148936, 46.394318181818186], [-62.64505319148936, 46.367022727272726], [-62.6724255319149, 46.367022727272726], [-62.6724255319149, 46.394318181818186]]]}, "properties": {"value": 4.261279582977295}}, {"type": "Feature", "geometry": {"type": "Polygon", "coordinates": [[[-62.64505319148936, 46.394318181818186], [-62.61768085106383, 46.394318181818186], [-62.61768085106383, 46.367022727272726], [-62.64505319148936, 46.367022727272726], [-62.64505319148936, 46.394318181818186]]]}, "properties": {"value": 4.261279582977295}}, {"type": "Feature", "geometry": {"type": "Polygon", "coordinates": [[[-62.61768085106383, 46.394318181818186], [-62.5903085106383, 46.394318181818186], [-62.5903085106383, 46.367022727272726], [-62.61768085106383, 46.367022727272726], [-62.61768085106383, 46.394318181818186]]]}, "properties": {"value": 3.259643793106079}}, {"type": "Feature", "geometry": {"type": "Polygon", "coordinates": [[[-62.5903085106383, 46.394318181818186], [-62.562936170212765, 46.394318181818186], [-62.562936170212765, 46.367022727272726], [-62.5903085106383, 46.367022727272726], [-62.5903085106383, 46.394318181818186]]]}, "properties": {"value": 3.8833541870117188}}, {"type": "Feature", "geometry": {"type": "Polygon", "coordinates": [[[-62.562936170212765, 46.394318181818186], [-62.535563829787236, 46.394318181818186], [-62.535563829787236, 46.367022727272726], [-62.562936170212765, 46.367022727272726], [-62.562936170212765, 46.394318181818186]]]}, "properties": {"value": 3.8796229362487793}}, {"type": "Feature", "geometry": {"type": "Polygon", "coordinates": [[[-62.535563829787236, 46.394318181818186], [-62.50819148936171, 46.394318181818186], [-62.50819148936171, 46.367022727272726], [-62.535563829787236, 46.367022727272726], [-62.535563829787236, 46.394318181818186]]]}, "properties": {"value": 4.192013263702393}}, {"type": "Feature", "geometry": {"type": "Polygon", "coordinates": [[[-62.50819148936171, 46.394318181818186], [-62.48081914893617, 46.394318181818186], [-62.48081914893617, 46.367022727272726], [-62.50819148936171, 46.367022727272726], [-62.50819148936171, 46.394318181818186]]]}, "properties": {"value": 4.0626091957092285}}, {"type": "Feature", "geometry": {"type": "Polygon", "coordinates": [[[-62.48081914893617, 46.394318181818186], [-62.45344680851064, 46.394318181818186], [-62.45344680851064, 46.367022727272726], [-62.48081914893617, 46.367022727272726], [-62.48081914893617, 46.394318181818186]]]}, "properties": {"value": 4.0626091957092285}}, {"type": "Feature", "geometry": {"type": "Polygon", "coordinates": [[[-62.45344680851064, 46.394318181818186], [-62.426074468085105, 46.394318181818186], [-62.426074468085105, 46.367022727272726], [-62.45344680851064, 46.367022727272726], [-62.45344680851064, 46.394318181818186]]]}, "properties": {"value": 2.6618101596832275}}, {"type": "Feature", "geometry": {"type": "Polygon", "coordinates": [[[-62.426074468085105, 46.394318181818186], [-62.398702127659575, 46.394318181818186], [-62.398702127659575, 46.367022727272726], [-62.426074468085105, 46.367022727272726], [-62.426074468085105, 46.394318181818186]]]}, "properties": {"value": 2.4496009349823}}, {"type": "Feature", "geometry": {"type": "Polygon", "coordinates": [[[-62.398702127659575, 46.394318181818186], [-62.371329787234046, 46.394318181818186], [-62.371329787234046, 46.367022727272726], [-62.398702127659575, 46.367022727272726], [-62.398702127659575, 46.394318181818186]]]}, "properties": {"value": 2.1154823303222656}}, {"type": "Feature", "geometry": {"type": "Polygon", "coordinates": [[[-62.371329787234046, 46.394318181818186], [-62.34395744680851, 46.394318181818186], [-62.34395744680851, 46.367022727272726], [-62.371329787234046, 46.367022727272726], [-62.371329787234046, 46.394318181818186]]]}, "properties": {"value": 1.810947299003601}}, {"type": "Feature", "geometry": {"type": "Polygon", "coordinates": [[[-62.34395744680851, 46.394318181818186], [-62.31658510638298, 46.394318181818186], [-62.31658510638298, 46.367022727272726], [-62.34395744680851, 46.367022727272726], [-62.34395744680851, 46.394318181818186]]]}, "properties": {"value": 2.6031055450439453}}, {"type": "Feature", "geometry": {"type": "Polygon", "coordinates": [[[-62.31658510638298, 46.394318181818186], [-62.28921276595745, 46.394318181818186], [-62.28921276595745, 46.367022727272726], [-62.31658510638298, 46.367022727272726], [-62.31658510638298, 46.394318181818186]]]}, "properties": {"value": 2.1051621437072754}}, {"type": "Feature", "geometry": {"type": "Polygon", "coordinates": [[[-62.28921276595745, 46.394318181818186], [-62.261840425531915, 46.394318181818186], [-62.261840425531915, 46.367022727272726], [-62.28921276595745, 46.367022727272726], [-62.28921276595745, 46.394318181818186]]]}, "properties": {"value": 2.860142707824707}}, {"type": "Feature", "geometry": {"type": "Polygon", "coordinates": [[[-62.261840425531915, 46.394318181818186], [-62.234468085106386, 46.394318181818186], [-62.234468085106386, 46.367022727272726], [-62.261840425531915, 46.367022727272726], [-62.261840425531915, 46.394318181818186]]]}, "properties": {"value": 2.7304904460906982}}, {"type": "Feature", "geometry": {"type": "Polygon", "coordinates": [[[-62.234468085106386, 46.394318181818186], [-62.20709574468085, 46.394318181818186], [-62.20709574468085, 46.367022727272726], [-62.234468085106386, 46.367022727272726], [-62.234468085106386, 46.394318181818186]]]}, "properties": {"value": 2.7304904460906982}}, {"type": "Feature", "geometry": {"type": "Polygon", "coordinates": [[[-62.20709574468085, 46.394318181818186], [-62.17972340425532, 46.394318181818186], [-62.17972340425532, 46.367022727272726], [-62.20709574468085, 46.367022727272726], [-62.20709574468085, 46.394318181818186]]]}, "properties": {"value": 3.5286660194396973}}, {"type": "Feature", "geometry": {"type": "Polygon", "coordinates": [[[-62.17972340425532, 46.394318181818186], [-62.15235106382979, 46.394318181818186], [-62.15235106382979, 46.367022727272726], [-62.17972340425532, 46.367022727272726], [-62.17972340425532, 46.394318181818186]]]}, "properties": {"value": 3.5286660194396973}}, {"type": "Feature", "geometry": {"type": "Polygon", "coordinates": [[[-62.15235106382979, 46.394318181818186], [-62.124978723404254, 46.394318181818186], [-62.124978723404254, 46.367022727272726], [-62.15235106382979, 46.367022727272726], [-62.15235106382979, 46.394318181818186]]]}, "properties": {"value": 3.0385167598724365}}, {"type": "Feature", "geometry": {"type": "Polygon", "coordinates": [[[-62.124978723404254, 46.394318181818186], [-62.097606382978725, 46.394318181818186], [-62.097606382978725, 46.367022727272726], [-62.124978723404254, 46.367022727272726], [-62.124978723404254, 46.394318181818186]]]}, "properties": {"value": 1.8447315692901611}}, {"type": "Feature", "geometry": {"type": "Polygon", "coordinates": [[[-62.097606382978725, 46.394318181818186], [-62.070234042553196, 46.394318181818186], [-62.070234042553196, 46.367022727272726], [-62.097606382978725, 46.367022727272726], [-62.097606382978725, 46.394318181818186]]]}, "properties": {"value": 2.5569968223571777}}, {"type": "Feature", "geometry": {"type": "Polygon", "coordinates": [[[-63.82206382978723, 46.367022727272726], [-63.7946914893617, 46.367022727272726], [-63.7946914893617, 46.33972727272727], [-63.82206382978723, 46.33972727272727], [-63.82206382978723, 46.367022727272726]]]}, "properties": {"value": 2.5954549312591553}}, {"type": "Feature", "geometry": {"type": "Polygon", "coordinates": [[[-63.7946914893617, 46.367022727272726], [-63.767319148936174, 46.367022727272726], [-63.767319148936174, 46.33972727272727], [-63.7946914893617, 46.33972727272727], [-63.7946914893617, 46.367022727272726]]]}, "properties": {"value": 2.4662046432495117}}, {"type": "Feature", "geometry": {"type": "Polygon", "coordinates": [[[-63.767319148936174, 46.367022727272726], [-63.73994680851064, 46.367022727272726], [-63.73994680851064, 46.33972727272727], [-63.767319148936174, 46.33972727272727], [-63.767319148936174, 46.367022727272726]]]}, "properties": {"value": 3.654993772506714}}, {"type": "Feature", "geometry": {"type": "Polygon", "coordinates": [[[-63.73994680851064, 46.367022727272726], [-63.71257446808511, 46.367022727272726], [-63.71257446808511, 46.33972727272727], [-63.73994680851064, 46.33972727272727], [-63.73994680851064, 46.367022727272726]]]}, "properties": {"value": 4.003142356872559}}, {"type": "Feature", "geometry": {"type": "Polygon", "coordinates": [[[-63.71257446808511, 46.367022727272726], [-63.68520212765958, 46.367022727272726], [-63.68520212765958, 46.33972727272727], [-63.71257446808511, 46.33972727272727], [-63.71257446808511, 46.367022727272726]]]}, "properties": {"value": 3.9958276748657227}}, {"type": "Feature", "geometry": {"type": "Polygon", "coordinates": [[[-63.68520212765958, 46.367022727272726], [-63.65782978723404, 46.367022727272726], [-63.65782978723404, 46.33972727272727], [-63.68520212765958, 46.33972727272727], [-63.68520212765958, 46.367022727272726]]]}, "properties": {"value": 3.2326529026031494}}, {"type": "Feature", "geometry": {"type": "Polygon", "coordinates": [[[-63.65782978723404, 46.367022727272726], [-63.630457446808514, 46.367022727272726], [-63.630457446808514, 46.33972727272727], [-63.65782978723404, 46.33972727272727], [-63.65782978723404, 46.367022727272726]]]}, "properties": {"value": 3.340053081512451}}, {"type": "Feature", "geometry": {"type": "Polygon", "coordinates": [[[-63.630457446808514, 46.367022727272726], [-63.60308510638298, 46.367022727272726], [-63.60308510638298, 46.33972727272727], [-63.630457446808514, 46.33972727272727], [-63.630457446808514, 46.367022727272726]]]}, "properties": {"value": 2.957583427429199}}, {"type": "Feature", "geometry": {"type": "Polygon", "coordinates": [[[-63.60308510638298, 46.367022727272726], [-63.57571276595745, 46.367022727272726], [-63.57571276595745, 46.33972727272727], [-63.60308510638298, 46.33972727272727], [-63.60308510638298, 46.367022727272726]]]}, "properties": {"value": 2.5409791469573975}}, {"type": "Feature", "geometry": {"type": "Polygon", "coordinates": [[[-63.57571276595745, 46.367022727272726], [-63.54834042553192, 46.367022727272726], [-63.54834042553192, 46.33972727272727], [-63.57571276595745, 46.33972727272727], [-63.57571276595745, 46.367022727272726]]]}, "properties": {"value": 2.5409791469573975}}, {"type": "Feature", "geometry": {"type": "Polygon", "coordinates": [[[-63.54834042553192, 46.367022727272726], [-63.52096808510638, 46.367022727272726], [-63.52096808510638, 46.33972727272727], [-63.54834042553192, 46.33972727272727], [-63.54834042553192, 46.367022727272726]]]}, "properties": {"value": 1.564536690711975}}, {"type": "Feature", "geometry": {"type": "Polygon", "coordinates": [[[-63.52096808510638, 46.367022727272726], [-63.49359574468085, 46.367022727272726], [-63.49359574468085, 46.33972727272727], [-63.52096808510638, 46.33972727272727], [-63.52096808510638, 46.367022727272726]]]}, "properties": {"value": 1.564536690711975}}, {"type": "Feature", "geometry": {"type": "Polygon", "coordinates": [[[-63.49359574468085, 46.367022727272726], [-63.466223404255324, 46.367022727272726], [-63.466223404255324, 46.33972727272727], [-63.49359574468085, 46.33972727272727], [-63.49359574468085, 46.367022727272726]]]}, "properties": {"value": 2.142573595046997}}, {"type": "Feature", "geometry": {"type": "Polygon", "coordinates": [[[-63.466223404255324, 46.367022727272726], [-63.43885106382979, 46.367022727272726], [-63.43885106382979, 46.33972727272727], [-63.466223404255324, 46.33972727272727], [-63.466223404255324, 46.367022727272726]]]}, "properties": {"value": 1.9415595531463623}}, {"type": "Feature", "geometry": {"type": "Polygon", "coordinates": [[[-63.43885106382979, 46.367022727272726], [-63.41147872340426, 46.367022727272726], [-63.41147872340426, 46.33972727272727], [-63.43885106382979, 46.33972727272727], [-63.43885106382979, 46.367022727272726]]]}, "properties": {"value": 2.188567638397217}}, {"type": "Feature", "geometry": {"type": "Polygon", "coordinates": [[[-63.41147872340426, 46.367022727272726], [-63.38410638297872, 46.367022727272726], [-63.38410638297872, 46.33972727272727], [-63.41147872340426, 46.33972727272727], [-63.41147872340426, 46.367022727272726]]]}, "properties": {"value": 2.296626091003418}}, {"type": "Feature", "geometry": {"type": "Polygon", "coordinates": [[[-63.38410638297872, 46.367022727272726], [-63.35673404255319, 46.367022727272726], [-63.35673404255319, 46.33972727272727], [-63.38410638297872, 46.33972727272727], [-63.38410638297872, 46.367022727272726]]]}, "properties": {"value": 1.642402172088623}}, {"type": "Feature", "geometry": {"type": "Polygon", "coordinates": [[[-63.35673404255319, 46.367022727272726], [-63.32936170212766, 46.367022727272726], [-63.32936170212766, 46.33972727272727], [-63.35673404255319, 46.33972727272727], [-63.35673404255319, 46.367022727272726]]]}, "properties": {"value": 1.642402172088623}}, {"type": "Feature", "geometry": {"type": "Polygon", "coordinates": [[[-63.32936170212766, 46.367022727272726], [-63.30198936170213, 46.367022727272726], [-63.30198936170213, 46.33972727272727], [-63.32936170212766, 46.33972727272727], [-63.32936170212766, 46.367022727272726]]]}, "properties": {"value": 1.9420831203460693}}, {"type": "Feature", "geometry": {"type": "Polygon", "coordinates": [[[-63.30198936170213, 46.367022727272726], [-63.2746170212766, 46.367022727272726], [-63.2746170212766, 46.33972727272727], [-63.30198936170213, 46.33972727272727], [-63.30198936170213, 46.367022727272726]]]}, "properties": {"value": 1.5695286989212036}}, {"type": "Feature", "geometry": {"type": "Polygon", "coordinates": [[[-63.2746170212766, 46.367022727272726], [-63.24724468085107, 46.367022727272726], [-63.24724468085107, 46.33972727272727], [-63.2746170212766, 46.33972727272727], [-63.2746170212766, 46.367022727272726]]]}, "properties": {"value": 2.006103277206421}}, {"type": "Feature", "geometry": {"type": "Polygon", "coordinates": [[[-63.24724468085107, 46.367022727272726], [-63.21987234042553, 46.367022727272726], [-63.21987234042553, 46.33972727272727], [-63.24724468085107, 46.33972727272727], [-63.24724468085107, 46.367022727272726]]]}, "properties": {"value": 1.7191510200500488}}, {"type": "Feature", "geometry": {"type": "Polygon", "coordinates": [[[-63.21987234042553, 46.367022727272726], [-63.1925, 46.367022727272726], [-63.1925, 46.33972727272727], [-63.21987234042553, 46.33972727272727], [-63.21987234042553, 46.367022727272726]]]}, "properties": {"value": 1.9483445882797241}}, {"type": "Feature", "geometry": {"type": "Polygon", "coordinates": [[[-63.1925, 46.367022727272726], [-63.165127659574466, 46.367022727272726], [-63.165127659574466, 46.33972727272727], [-63.1925, 46.33972727272727], [-63.1925, 46.367022727272726]]]}, "properties": {"value": 3.199652671813965}}, {"type": "Feature", "geometry": {"type": "Polygon", "coordinates": [[[-63.165127659574466, 46.367022727272726], [-63.13775531914894, 46.367022727272726], [-63.13775531914894, 46.33972727272727], [-63.165127659574466, 46.33972727272727], [-63.165127659574466, 46.367022727272726]]]}, "properties": {"value": 2.890528917312622}}, {"type": "Feature", "geometry": {"type": "Polygon", "coordinates": [[[-63.13775531914894, 46.367022727272726], [-63.11038297872341, 46.367022727272726], [-63.11038297872341, 46.33972727272727], [-63.13775531914894, 46.33972727272727], [-63.13775531914894, 46.367022727272726]]]}, "properties": {"value": 2.8353185653686523}}, {"type": "Feature", "geometry": {"type": "Polygon", "coordinates": [[[-63.11038297872341, 46.367022727272726], [-63.08301063829787, 46.367022727272726], [-63.08301063829787, 46.33972727272727], [-63.11038297872341, 46.33972727272727], [-63.11038297872341, 46.367022727272726]]]}, "properties": {"value": 2.8353185653686523}}, {"type": "Feature", "geometry": {"type": "Polygon", "coordinates": [[[-63.08301063829787, 46.367022727272726], [-63.05563829787234, 46.367022727272726], [-63.05563829787234, 46.33972727272727], [-63.08301063829787, 46.33972727272727], [-63.08301063829787, 46.367022727272726]]]}, "properties": {"value": 2.8023924827575684}}, {"type": "Feature", "geometry": {"type": "Polygon", "coordinates": [[[-63.05563829787234, 46.367022727272726], [-63.02826595744681, 46.367022727272726], [-63.02826595744681, 46.33972727272727], [-63.05563829787234, 46.33972727272727], [-63.05563829787234, 46.367022727272726]]]}, "properties": {"value": 2.9068007469177246}}, {"type": "Feature", "geometry": {"type": "Polygon", "coordinates": [[[-63.02826595744681, 46.367022727272726], [-63.000893617021276, 46.367022727272726], [-63.000893617021276, 46.33972727272727], [-63.02826595744681, 46.33972727272727], [-63.02826595744681, 46.367022727272726]]]}, "properties": {"value": 2.3933770656585693}}, {"type": "Feature", "geometry": {"type": "Polygon", "coordinates": [[[-63.000893617021276, 46.367022727272726], [-62.97352127659575, 46.367022727272726], [-62.97352127659575, 46.33972727272727], [-63.000893617021276, 46.33972727272727], [-63.000893617021276, 46.367022727272726]]]}, "properties": {"value": 2.251725435256958}}, {"type": "Feature", "geometry": {"type": "Polygon", "coordinates": [[[-62.97352127659575, 46.367022727272726], [-62.94614893617022, 46.367022727272726], [-62.94614893617022, 46.33972727272727], [-62.97352127659575, 46.33972727272727], [-62.97352127659575, 46.367022727272726]]]}, "properties": {"value": 3.067476987838745}}, {"type": "Feature", "geometry": {"type": "Polygon", "coordinates": [[[-62.94614893617022, 46.367022727272726], [-62.91877659574468, 46.367022727272726], [-62.91877659574468, 46.33972727272727], [-62.94614893617022, 46.33972727272727], [-62.94614893617022, 46.367022727272726]]]}, "properties": {"value": 3.067476987838745}}, {"type": "Feature", "geometry": {"type": "Polygon", "coordinates": [[[-62.91877659574468, 46.367022727272726], [-62.89140425531915, 46.367022727272726], [-62.89140425531915, 46.33972727272727], [-62.91877659574468, 46.33972727272727], [-62.91877659574468, 46.367022727272726]]]}, "properties": {"value": 4.118594169616699}}, {"type": "Feature", "geometry": {"type": "Polygon", "coordinates": [[[-62.89140425531915, 46.367022727272726], [-62.864031914893616, 46.367022727272726], [-62.864031914893616, 46.33972727272727], [-62.89140425531915, 46.33972727272727], [-62.89140425531915, 46.367022727272726]]]}, "properties": {"value": 4.118594169616699}}, {"type": "Feature", "geometry": {"type": "Polygon", "coordinates": [[[-62.864031914893616, 46.367022727272726], [-62.83665957446809, 46.367022727272726], [-62.83665957446809, 46.33972727272727], [-62.864031914893616, 46.33972727272727], [-62.864031914893616, 46.367022727272726]]]}, "properties": {"value": 4.1392741203308105}}, {"type": "Feature", "geometry": {"type": "Polygon", "coordinates": [[[-62.83665957446809, 46.367022727272726], [-62.80928723404256, 46.367022727272726], [-62.80928723404256, 46.33972727272727], [-62.83665957446809, 46.33972727272727], [-62.83665957446809, 46.367022727272726]]]}, "properties": {"value": 3.3649239540100098}}, {"type": "Feature", "geometry": {"type": "Polygon", "coordinates": [[[-62.80928723404256, 46.367022727272726], [-62.78191489361702, 46.367022727272726], [-62.78191489361702, 46.33972727272727], [-62.80928723404256, 46.33972727272727], [-62.80928723404256, 46.367022727272726]]]}, "properties": {"value": 3.3649239540100098}}, {"type": "Feature", "geometry": {"type": "Polygon", "coordinates": [[[-62.78191489361702, 46.367022727272726], [-62.75454255319149, 46.367022727272726], [-62.75454255319149, 46.33972727272727], [-62.78191489361702, 46.33972727272727], [-62.78191489361702, 46.367022727272726]]]}, "properties": {"value": 3.851522445678711}}, {"type": "Feature", "geometry": {"type": "Polygon", "coordinates": [[[-62.75454255319149, 46.367022727272726], [-62.72717021276596, 46.367022727272726], [-62.72717021276596, 46.33972727272727], [-62.75454255319149, 46.33972727272727], [-62.75454255319149, 46.367022727272726]]]}, "properties": {"value": 3.506741523742676}}, {"type": "Feature", "geometry": {"type": "Polygon", "coordinates": [[[-62.72717021276596, 46.367022727272726], [-62.699797872340426, 46.367022727272726], [-62.699797872340426, 46.33972727272727], [-62.72717021276596, 46.33972727272727], [-62.72717021276596, 46.367022727272726]]]}, "properties": {"value": 3.4253292083740234}}, {"type": "Feature", "geometry": {"type": "Polygon", "coordinates": [[[-62.699797872340426, 46.367022727272726], [-62.6724255319149, 46.367022727272726], [-62.6724255319149, 46.33972727272727], [-62.699797872340426, 46.33972727272727], [-62.699797872340426, 46.367022727272726]]]}, "properties": {"value": 4.054579734802246}}, {"type": "Feature", "geometry": {"type": "Polygon", "coordinates": [[[-62.6724255319149, 46.367022727272726], [-62.64505319148936, 46.367022727272726], [-62.64505319148936, 46.33972727272727], [-62.6724255319149, 46.33972727272727], [-62.6724255319149, 46.367022727272726]]]}, "properties": {"value": 4.07014274597168}}, {"type": "Feature", "geometry": {"type": "Polygon", "coordinates": [[[-62.64505319148936, 46.367022727272726], [-62.61768085106383, 46.367022727272726], [-62.61768085106383, 46.33972727272727], [-62.64505319148936, 46.33972727272727], [-62.64505319148936, 46.367022727272726]]]}, "properties": {"value": 4.07014274597168}}, {"type": "Feature", "geometry": {"type": "Polygon", "coordinates": [[[-62.61768085106383, 46.367022727272726], [-62.5903085106383, 46.367022727272726], [-62.5903085106383, 46.33972727272727], [-62.61768085106383, 46.33972727272727], [-62.61768085106383, 46.367022727272726]]]}, "properties": {"value": 3.68422532081604}}, {"type": "Feature", "geometry": {"type": "Polygon", "coordinates": [[[-62.5903085106383, 46.367022727272726], [-62.562936170212765, 46.367022727272726], [-62.562936170212765, 46.33972727272727], [-62.5903085106383, 46.33972727272727], [-62.5903085106383, 46.367022727272726]]]}, "properties": {"value": 3.3799917697906494}}, {"type": "Feature", "geometry": {"type": "Polygon", "coordinates": [[[-62.562936170212765, 46.367022727272726], [-62.535563829787236, 46.367022727272726], [-62.535563829787236, 46.33972727272727], [-62.562936170212765, 46.33972727272727], [-62.562936170212765, 46.367022727272726]]]}, "properties": {"value": 4.116475582122803}}, {"type": "Feature", "geometry": {"type": "Polygon", "coordinates": [[[-62.535563829787236, 46.367022727272726], [-62.50819148936171, 46.367022727272726], [-62.50819148936171, 46.33972727272727], [-62.535563829787236, 46.33972727272727], [-62.535563829787236, 46.367022727272726]]]}, "properties": {"value": 4.207758903503418}}, {"type": "Feature", "geometry": {"type": "Polygon", "coordinates": [[[-62.50819148936171, 46.367022727272726], [-62.48081914893617, 46.367022727272726], [-62.48081914893617, 46.33972727272727], [-62.50819148936171, 46.33972727272727], [-62.50819148936171, 46.367022727272726]]]}, "properties": {"value": 3.647888422012329}}, {"type": "Feature", "geometry": {"type": "Polygon", "coordinates": [[[-62.48081914893617, 46.367022727272726], [-62.45344680851064, 46.367022727272726], [-62.45344680851064, 46.33972727272727], [-62.48081914893617, 46.33972727272727], [-62.48081914893617, 46.367022727272726]]]}, "properties": {"value": 3.647888422012329}}, {"type": "Feature", "geometry": {"type": "Polygon", "coordinates": [[[-62.45344680851064, 46.367022727272726], [-62.426074468085105, 46.367022727272726], [-62.426074468085105, 46.33972727272727], [-62.45344680851064, 46.33972727272727], [-62.45344680851064, 46.367022727272726]]]}, "properties": {"value": 3.5010929107666016}}, {"type": "Feature", "geometry": {"type": "Polygon", "coordinates": [[[-62.426074468085105, 46.367022727272726], [-62.398702127659575, 46.367022727272726], [-62.398702127659575, 46.33972727272727], [-62.426074468085105, 46.33972727272727], [-62.426074468085105, 46.367022727272726]]]}, "properties": {"value": 2.4496009349823}}, {"type": "Feature", "geometry": {"type": "Polygon", "coordinates": [[[-62.398702127659575, 46.367022727272726], [-62.371329787234046, 46.367022727272726], [-62.371329787234046, 46.33972727272727], [-62.398702127659575, 46.33972727272727], [-62.398702127659575, 46.367022727272726]]]}, "properties": {"value": 3.3955070972442627}}, {"type": "Feature", "geometry": {"type": "Polygon", "coordinates": [[[-62.371329787234046, 46.367022727272726], [-62.34395744680851, 46.367022727272726], [-62.34395744680851, 46.33972727272727], [-62.371329787234046, 46.33972727272727], [-62.371329787234046, 46.367022727272726]]]}, "properties": {"value": 3.329005718231201}}, {"type": "Feature", "geometry": {"type": "Polygon", "coordinates": [[[-62.34395744680851, 46.367022727272726], [-62.31658510638298, 46.367022727272726], [-62.31658510638298, 46.33972727272727], [-62.34395744680851, 46.33972727272727], [-62.34395744680851, 46.367022727272726]]]}, "properties": {"value": 3.329005718231201}}, {"type": "Feature", "geometry": {"type": "Polygon", "coordinates": [[[-62.31658510638298, 46.367022727272726], [-62.28921276595745, 46.367022727272726], [-62.28921276595745, 46.33972727272727], [-62.31658510638298, 46.33972727272727], [-62.31658510638298, 46.367022727272726]]]}, "properties": {"value": 2.528200149536133}}, {"type": "Feature", "geometry": {"type": "Polygon", "coordinates": [[[-62.28921276595745, 46.367022727272726], [-62.261840425531915, 46.367022727272726], [-62.261840425531915, 46.33972727272727], [-62.28921276595745, 46.33972727272727], [-62.28921276595745, 46.367022727272726]]]}, "properties": {"value": 1.9618762731552124}}, {"type": "Feature", "geometry": {"type": "Polygon", "coordinates": [[[-62.261840425531915, 46.367022727272726], [-62.234468085106386, 46.367022727272726], [-62.234468085106386, 46.33972727272727], [-62.261840425531915, 46.33972727272727], [-62.261840425531915, 46.367022727272726]]]}, "properties": {"value": 3.3565638065338135}}, {"type": "Feature", "geometry": {"type": "Polygon", "coordinates": [[[-62.234468085106386, 46.367022727272726], [-62.20709574468085, 46.367022727272726], [-62.20709574468085, 46.33972727272727], [-62.234468085106386, 46.33972727272727], [-62.234468085106386, 46.367022727272726]]]}, "properties": {"value": 2.5278518199920654}}, {"type": "Feature", "geometry": {"type": "Polygon", "coordinates": [[[-62.20709574468085, 46.367022727272726], [-62.17972340425532, 46.367022727272726], [-62.17972340425532, 46.33972727272727], [-62.20709574468085, 46.33972727272727], [-62.20709574468085, 46.367022727272726]]]}, "properties": {"value": 2.2475662231445312}}, {"type": "Feature", "geometry": {"type": "Polygon", "coordinates": [[[-62.17972340425532, 46.367022727272726], [-62.15235106382979, 46.367022727272726], [-62.15235106382979, 46.33972727272727], [-62.17972340425532, 46.33972727272727], [-62.17972340425532, 46.367022727272726]]]}, "properties": {"value": 2.2475662231445312}}, {"type": "Feature", "geometry": {"type": "Polygon", "coordinates": [[[-63.82206382978723, 46.33972727272727], [-63.7946914893617, 46.33972727272727], [-63.7946914893617, 46.31243181818182], [-63.82206382978723, 46.31243181818182], [-63.82206382978723, 46.33972727272727]]]}, "properties": {"value": 3.3672521114349365}}, {"type": "Feature", "geometry": {"type": "Polygon", "coordinates": [[[-63.7946914893617, 46.33972727272727], [-63.767319148936174, 46.33972727272727], [-63.767319148936174, 46.31243181818182], [-63.7946914893617, 46.31243181818182], [-63.7946914893617, 46.33972727272727]]]}, "properties": {"value": 4.056018352508545}}, {"type": "Feature", "geometry": {"type": "Polygon", "coordinates": [[[-63.767319148936174, 46.33972727272727], [-63.73994680851064, 46.33972727272727], [-63.73994680851064, 46.31243181818182], [-63.767319148936174, 46.31243181818182], [-63.767319148936174, 46.33972727272727]]]}, "properties": {"value": 4.056018352508545}}, {"type": "Feature", "geometry": {"type": "Polygon", "coordinates": [[[-63.73994680851064, 46.33972727272727], [-63.71257446808511, 46.33972727272727], [-63.71257446808511, 46.31243181818182], [-63.73994680851064, 46.31243181818182], [-63.73994680851064, 46.33972727272727]]]}, "properties": {"value": 4.454524040222168}}, {"type": "Feature", "geometry": {"type": "Polygon", "coordinates": [[[-63.71257446808511, 46.33972727272727], [-63.68520212765958, 46.33972727272727], [-63.68520212765958, 46.31243181818182], [-63.71257446808511, 46.31243181818182], [-63.71257446808511, 46.33972727272727]]]}, "properties": {"value": 3.7686758041381836}}, {"type": "Feature", "geometry": {"type": "Polygon", "coordinates": [[[-63.68520212765958, 46.33972727272727], [-63.65782978723404, 46.33972727272727], [-63.65782978723404, 46.31243181818182], [-63.68520212765958, 46.31243181818182], [-63.68520212765958, 46.33972727272727]]]}, "properties": {"value": 3.7686758041381836}}, {"type": "Feature", "geometry": {"type": "Polygon", "coordinates": [[[-63.65782978723404, 46.33972727272727], [-63.630457446808514, 46.33972727272727], [-63.630457446808514, 46.31243181818182], [-63.65782978723404, 46.31243181818182], [-63.65782978723404, 46.33972727272727]]]}, "properties": {"value": 3.2676961421966553}}, {"type": "Feature", "geometry": {"type": "Polygon", "coordinates": [[[-63.630457446808514, 46.33972727272727], [-63.60308510638298, 46.33972727272727], [-63.60308510638298, 46.31243181818182], [-63.630457446808514, 46.31243181818182], [-63.630457446808514, 46.33972727272727]]]}, "properties": {"value": 2.8833510875701904}}, {"type": "Feature", "geometry": {"type": "Polygon", "coordinates": [[[-63.60308510638298, 46.33972727272727], [-63.57571276595745, 46.33972727272727], [-63.57571276595745, 46.31243181818182], [-63.60308510638298, 46.31243181818182], [-63.60308510638298, 46.33972727272727]]]}, "properties": {"value": 2.3575527667999268}}, {"type": "Feature", "geometry": {"type": "Polygon", "coordinates": [[[-63.57571276595745, 46.33972727272727], [-63.54834042553192, 46.33972727272727], [-63.54834042553192, 46.31243181818182], [-63.57571276595745, 46.31243181818182], [-63.57571276595745, 46.33972727272727]]]}, "properties": {"value": 2.621495246887207}}, {"type": "Feature", "geometry": {"type": "Polygon", "coordinates": [[[-63.54834042553192, 46.33972727272727], [-63.52096808510638, 46.33972727272727], [-63.52096808510638, 46.31243181818182], [-63.54834042553192, 46.31243181818182], [-63.54834042553192, 46.33972727272727]]]}, "properties": {"value": 1.9723467826843262}}, {"type": "Feature", "geometry": {"type": "Polygon", "coordinates": [[[-63.52096808510638, 46.33972727272727], [-63.49359574468085, 46.33972727272727], [-63.49359574468085, 46.31243181818182], [-63.52096808510638, 46.31243181818182], [-63.52096808510638, 46.33972727272727]]]}, "properties": {"value": 1.9723467826843262}}, {"type": "Feature", "geometry": {"type": "Polygon", "coordinates": [[[-63.49359574468085, 46.33972727272727], [-63.466223404255324, 46.33972727272727], [-63.466223404255324, 46.31243181818182], [-63.49359574468085, 46.31243181818182], [-63.49359574468085, 46.33972727272727]]]}, "properties": {"value": 2.7275989055633545}}, {"type": "Feature", "geometry": {"type": "Polygon", "coordinates": [[[-63.466223404255324, 46.33972727272727], [-63.43885106382979, 46.33972727272727], [-63.43885106382979, 46.31243181818182], [-63.466223404255324, 46.31243181818182], [-63.466223404255324, 46.33972727272727]]]}, "properties": {"value": 2.2621750831604004}}, {"type": "Feature", "geometry": {"type": "Polygon", "coordinates": [[[-63.43885106382979, 46.33972727272727], [-63.41147872340426, 46.33972727272727], [-63.41147872340426, 46.31243181818182], [-63.43885106382979, 46.31243181818182], [-63.43885106382979, 46.33972727272727]]]}, "properties": {"value": 2.0549416542053223}}, {"type": "Feature", "geometry": {"type": "Polygon", "coordinates": [[[-63.41147872340426, 46.33972727272727], [-63.38410638297872, 46.33972727272727], [-63.38410638297872, 46.31243181818182], [-63.41147872340426, 46.31243181818182], [-63.41147872340426, 46.33972727272727]]]}, "properties": {"value": 1.9738651514053345}}, {"type": "Feature", "geometry": {"type": "Polygon", "coordinates": [[[-63.38410638297872, 46.33972727272727], [-63.35673404255319, 46.33972727272727], [-63.35673404255319, 46.31243181818182], [-63.38410638297872, 46.31243181818182], [-63.38410638297872, 46.33972727272727]]]}, "properties": {"value": 1.832180142402649}}, {"type": "Feature", "geometry": {"type": "Polygon", "coordinates": [[[-63.35673404255319, 46.33972727272727], [-63.32936170212766, 46.33972727272727], [-63.32936170212766, 46.31243181818182], [-63.35673404255319, 46.31243181818182], [-63.35673404255319, 46.33972727272727]]]}, "properties": {"value": 1.832180142402649}}, {"type": "Feature", "geometry": {"type": "Polygon", "coordinates": [[[-63.32936170212766, 46.33972727272727], [-63.30198936170213, 46.33972727272727], [-63.30198936170213, 46.31243181818182], [-63.32936170212766, 46.31243181818182], [-63.32936170212766, 46.33972727272727]]]}, "properties": {"value": 2.171461343765259}}, {"type": "Feature", "geometry": {"type": "Polygon", "coordinates": [[[-63.30198936170213, 46.33972727272727], [-63.2746170212766, 46.33972727272727], [-63.2746170212766, 46.31243181818182], [-63.30198936170213, 46.31243181818182], [-63.30198936170213, 46.33972727272727]]]}, "properties": {"value": 2.171461343765259}}, {"type": "Feature", "geometry": {"type": "Polygon", "coordinates": [[[-63.2746170212766, 46.33972727272727], [-63.24724468085107, 46.33972727272727], [-63.24724468085107, 46.31243181818182], [-63.2746170212766, 46.31243181818182], [-63.2746170212766, 46.33972727272727]]]}, "properties": {"value": 1.4682217836380005}}, {"type": "Feature", "geometry": {"type": "Polygon", "coordinates": [[[-63.24724468085107, 46.33972727272727], [-63.21987234042553, 46.33972727272727], [-63.21987234042553, 46.31243181818182], [-63.24724468085107, 46.31243181818182], [-63.24724468085107, 46.33972727272727]]]}, "properties": {"value": 2.1233201026916504}}, {"type": "Feature", "geometry": {"type": "Polygon", "coordinates": [[[-63.21987234042553, 46.33972727272727], [-63.1925, 46.33972727272727], [-63.1925, 46.31243181818182], [-63.21987234042553, 46.31243181818182], [-63.21987234042553, 46.33972727272727]]]}, "properties": {"value": 2.1233201026916504}}, {"type": "Feature", "geometry": {"type": "Polygon", "coordinates": [[[-63.1925, 46.33972727272727], [-63.165127659574466, 46.33972727272727], [-63.165127659574466, 46.31243181818182], [-63.1925, 46.31243181818182], [-63.1925, 46.33972727272727]]]}, "properties": {"value": 2.2558035850524902}}, {"type": "Feature", "geometry": {"type": "Polygon", "coordinates": [[[-63.165127659574466, 46.33972727272727], [-63.13775531914894, 46.33972727272727], [-63.13775531914894, 46.31243181818182], [-63.165127659574466, 46.31243181818182], [-63.165127659574466, 46.33972727272727]]]}, "properties": {"value": 2.158973455429077}}, {"type": "Feature", "geometry": {"type": "Polygon", "coordinates": [[[-63.13775531914894, 46.33972727272727], [-63.11038297872341, 46.33972727272727], [-63.11038297872341, 46.31243181818182], [-63.13775531914894, 46.31243181818182], [-63.13775531914894, 46.33972727272727]]]}, "properties": {"value": 2.709230661392212}}, {"type": "Feature", "geometry": {"type": "Polygon", "coordinates": [[[-63.11038297872341, 46.33972727272727], [-63.08301063829787, 46.33972727272727], [-63.08301063829787, 46.31243181818182], [-63.11038297872341, 46.31243181818182], [-63.11038297872341, 46.33972727272727]]]}, "properties": {"value": 3.007986307144165}}, {"type": "Feature", "geometry": {"type": "Polygon", "coordinates": [[[-63.08301063829787, 46.33972727272727], [-63.05563829787234, 46.33972727272727], [-63.05563829787234, 46.31243181818182], [-63.08301063829787, 46.31243181818182], [-63.08301063829787, 46.33972727272727]]]}, "properties": {"value": 2.630955219268799}}, {"type": "Feature", "geometry": {"type": "Polygon", "coordinates": [[[-63.05563829787234, 46.33972727272727], [-63.02826595744681, 46.33972727272727], [-63.02826595744681, 46.31243181818182], [-63.05563829787234, 46.31243181818182], [-63.05563829787234, 46.33972727272727]]]}, "properties": {"value": 2.630955219268799}}, {"type": "Feature", "geometry": {"type": "Polygon", "coordinates": [[[-63.02826595744681, 46.33972727272727], [-63.000893617021276, 46.33972727272727], [-63.000893617021276, 46.31243181818182], [-63.02826595744681, 46.31243181818182], [-63.02826595744681, 46.33972727272727]]]}, "properties": {"value": 2.1682651042938232}}, {"type": "Feature", "geometry": {"type": "Polygon", "coordinates": [[[-63.000893617021276, 46.33972727272727], [-62.97352127659575, 46.33972727272727], [-62.97352127659575, 46.31243181818182], [-63.000893617021276, 46.31243181818182], [-63.000893617021276, 46.33972727272727]]]}, "properties": {"value": 2.6941311359405518}}, {"type": "Feature", "geometry": {"type": "Polygon", "coordinates": [[[-62.97352127659575, 46.33972727272727], [-62.94614893617022, 46.33972727272727], [-62.94614893617022, 46.31243181818182], [-62.97352127659575, 46.31243181818182], [-62.97352127659575, 46.33972727272727]]]}, "properties": {"value": 2.72533917427063}}, {"type": "Feature", "geometry": {"type": "Polygon", "coordinates": [[[-62.94614893617022, 46.33972727272727], [-62.91877659574468, 46.33972727272727], [-62.91877659574468, 46.31243181818182], [-62.94614893617022, 46.31243181818182], [-62.94614893617022, 46.33972727272727]]]}, "properties": {"value": 3.170703649520874}}, {"type": "Feature", "geometry": {"type": "Polygon", "coordinates": [[[-62.91877659574468, 46.33972727272727], [-62.89140425531915, 46.33972727272727], [-62.89140425531915, 46.31243181818182], [-62.91877659574468, 46.31243181818182], [-62.91877659574468, 46.33972727272727]]]}, "properties": {"value": 3.747189521789551}}, {"type": "Feature", "geometry": {"type": "Polygon", "coordinates": [[[-62.89140425531915, 46.33972727272727], [-62.864031914893616, 46.33972727272727], [-62.864031914893616, 46.31243181818182], [-62.89140425531915, 46.31243181818182], [-62.89140425531915, 46.33972727272727]]]}, "properties": {"value": 3.747189521789551}}, {"type": "Feature", "geometry": {"type": "Polygon", "coordinates": [[[-62.864031914893616, 46.33972727272727], [-62.83665957446809, 46.33972727272727], [-62.83665957446809, 46.31243181818182], [-62.864031914893616, 46.31243181818182], [-62.864031914893616, 46.33972727272727]]]}, "properties": {"value": 3.8903629779815674}}, {"type": "Feature", "geometry": {"type": "Polygon", "coordinates": [[[-62.83665957446809, 46.33972727272727], [-62.80928723404256, 46.33972727272727], [-62.80928723404256, 46.31243181818182], [-62.83665957446809, 46.31243181818182], [-62.83665957446809, 46.33972727272727]]]}, "properties": {"value": 3.35553240776062}}, {"type": "Feature", "geometry": {"type": "Polygon", "coordinates": [[[-62.80928723404256, 46.33972727272727], [-62.78191489361702, 46.33972727272727], [-62.78191489361702, 46.31243181818182], [-62.80928723404256, 46.31243181818182], [-62.80928723404256, 46.33972727272727]]]}, "properties": {"value": 3.35553240776062}}, {"type": "Feature", "geometry": {"type": "Polygon", "coordinates": [[[-62.78191489361702, 46.33972727272727], [-62.75454255319149, 46.33972727272727], [-62.75454255319149, 46.31243181818182], [-62.78191489361702, 46.31243181818182], [-62.78191489361702, 46.33972727272727]]]}, "properties": {"value": 3.555201530456543}}, {"type": "Feature", "geometry": {"type": "Polygon", "coordinates": [[[-62.75454255319149, 46.33972727272727], [-62.72717021276596, 46.33972727272727], [-62.72717021276596, 46.31243181818182], [-62.75454255319149, 46.31243181818182], [-62.75454255319149, 46.33972727272727]]]}, "properties": {"value": 3.555201530456543}}, {"type": "Feature", "geometry": {"type": "Polygon", "coordinates": [[[-62.72717021276596, 46.33972727272727], [-62.699797872340426, 46.33972727272727], [-62.699797872340426, 46.31243181818182], [-62.72717021276596, 46.31243181818182], [-62.72717021276596, 46.33972727272727]]]}, "properties": {"value": 3.705925703048706}}, {"type": "Feature", "geometry": {"type": "Polygon", "coordinates": [[[-62.699797872340426, 46.33972727272727], [-62.6724255319149, 46.33972727272727], [-62.6724255319149, 46.31243181818182], [-62.699797872340426, 46.31243181818182], [-62.699797872340426, 46.33972727272727]]]}, "properties": {"value": 3.1659088134765625}}, {"type": "Feature", "geometry": {"type": "Polygon", "coordinates": [[[-62.6724255319149, 46.33972727272727], [-62.64505319148936, 46.33972727272727], [-62.64505319148936, 46.31243181818182], [-62.6724255319149, 46.31243181818182], [-62.6724255319149, 46.33972727272727]]]}, "properties": {"value": 3.1599833965301514}}, {"type": "Feature", "geometry": {"type": "Polygon", "coordinates": [[[-62.64505319148936, 46.33972727272727], [-62.61768085106383, 46.33972727272727], [-62.61768085106383, 46.31243181818182], [-62.64505319148936, 46.31243181818182], [-62.64505319148936, 46.33972727272727]]]}, "properties": {"value": 4.1121320724487305}}, {"type": "Feature", "geometry": {"type": "Polygon", "coordinates": [[[-62.61768085106383, 46.33972727272727], [-62.5903085106383, 46.33972727272727], [-62.5903085106383, 46.31243181818182], [-62.61768085106383, 46.31243181818182], [-62.61768085106383, 46.33972727272727]]]}, "properties": {"value": 4.0089850425720215}}, {"type": "Feature", "geometry": {"type": "Polygon", "coordinates": [[[-62.5903085106383, 46.33972727272727], [-62.562936170212765, 46.33972727272727], [-62.562936170212765, 46.31243181818182], [-62.5903085106383, 46.31243181818182], [-62.5903085106383, 46.33972727272727]]]}, "properties": {"value": 4.0089850425720215}}, {"type": "Feature", "geometry": {"type": "Polygon", "coordinates": [[[-62.562936170212765, 46.33972727272727], [-62.535563829787236, 46.33972727272727], [-62.535563829787236, 46.31243181818182], [-62.562936170212765, 46.31243181818182], [-62.562936170212765, 46.33972727272727]]]}, "properties": {"value": 4.075524806976318}}, {"type": "Feature", "geometry": {"type": "Polygon", "coordinates": [[[-62.535563829787236, 46.33972727272727], [-62.50819148936171, 46.33972727272727], [-62.50819148936171, 46.31243181818182], [-62.535563829787236, 46.31243181818182], [-62.535563829787236, 46.33972727272727]]]}, "properties": {"value": 4.237771987915039}}, {"type": "Feature", "geometry": {"type": "Polygon", "coordinates": [[[-62.50819148936171, 46.33972727272727], [-62.48081914893617, 46.33972727272727], [-62.48081914893617, 46.31243181818182], [-62.50819148936171, 46.31243181818182], [-62.50819148936171, 46.33972727272727]]]}, "properties": {"value": 4.321486949920654}}, {"type": "Feature", "geometry": {"type": "Polygon", "coordinates": [[[-62.48081914893617, 46.33972727272727], [-62.45344680851064, 46.33972727272727], [-62.45344680851064, 46.31243181818182], [-62.48081914893617, 46.31243181818182], [-62.48081914893617, 46.33972727272727]]]}, "properties": {"value": 3.3647985458374023}}, {"type": "Feature", "geometry": {"type": "Polygon", "coordinates": [[[-62.45344680851064, 46.33972727272727], [-62.426074468085105, 46.33972727272727], [-62.426074468085105, 46.31243181818182], [-62.45344680851064, 46.31243181818182], [-62.45344680851064, 46.33972727272727]]]}, "properties": {"value": 3.0500242710113525}}, {"type": "Feature", "geometry": {"type": "Polygon", "coordinates": [[[-62.426074468085105, 46.33972727272727], [-62.398702127659575, 46.33972727272727], [-62.398702127659575, 46.31243181818182], [-62.426074468085105, 46.31243181818182], [-62.426074468085105, 46.33972727272727]]]}, "properties": {"value": 2.5324208736419678}}, {"type": "Feature", "geometry": {"type": "Polygon", "coordinates": [[[-62.398702127659575, 46.33972727272727], [-62.371329787234046, 46.33972727272727], [-62.371329787234046, 46.31243181818182], [-62.398702127659575, 46.31243181818182], [-62.398702127659575, 46.33972727272727]]]}, "properties": {"value": 3.5813491344451904}}, {"type": "Feature", "geometry": {"type": "Polygon", "coordinates": [[[-62.371329787234046, 46.33972727272727], [-62.34395744680851, 46.33972727272727], [-62.34395744680851, 46.31243181818182], [-62.371329787234046, 46.31243181818182], [-62.371329787234046, 46.33972727272727]]]}, "properties": {"value": 1.6802048683166504}}, {"type": "Feature", "geometry": {"type": "Polygon", "coordinates": [[[-62.34395744680851, 46.33972727272727], [-62.31658510638298, 46.33972727272727], [-62.31658510638298, 46.31243181818182], [-62.34395744680851, 46.31243181818182], [-62.34395744680851, 46.33972727272727]]]}, "properties": {"value": 1.6802048683166504}}, {"type": "Feature", "geometry": {"type": "Polygon", "coordinates": [[[-62.31658510638298, 46.33972727272727], [-62.28921276595745, 46.33972727272727], [-62.28921276595745, 46.31243181818182], [-62.31658510638298, 46.31243181818182], [-62.31658510638298, 46.33972727272727]]]}, "properties": {"value": 0.9494476914405823}}, {"type": "Feature", "geometry": {"type": "Polygon", "coordinates": [[[-62.28921276595745, 46.33972727272727], [-62.261840425531915, 46.33972727272727], [-62.261840425531915, 46.31243181818182], [-62.28921276595745, 46.31243181818182], [-62.28921276595745, 46.33972727272727]]]}, "properties": {"value": 0.9494476914405823}}, {"type": "Feature", "geometry": {"type": "Polygon", "coordinates": [[[-63.7946914893617, 46.31243181818182], [-63.767319148936174, 46.31243181818182], [-63.767319148936174, 46.28513636363636], [-63.7946914893617, 46.28513636363636], [-63.7946914893617, 46.31243181818182]]]}, "properties": {"value": 3.2606685161590576}}, {"type": "Feature", "geometry": {"type": "Polygon", "coordinates": [[[-63.767319148936174, 46.31243181818182], [-63.73994680851064, 46.31243181818182], [-63.73994680851064, 46.28513636363636], [-63.767319148936174, 46.28513636363636], [-63.767319148936174, 46.31243181818182]]]}, "properties": {"value": 3.784715414047241}}, {"type": "Feature", "geometry": {"type": "Polygon", "coordinates": [[[-63.73994680851064, 46.31243181818182], [-63.71257446808511, 46.31243181818182], [-63.71257446808511, 46.28513636363636], [-63.73994680851064, 46.28513636363636], [-63.73994680851064, 46.31243181818182]]]}, "properties": {"value": 4.455266952514648}}, {"type": "Feature", "geometry": {"type": "Polygon", "coordinates": [[[-63.71257446808511, 46.31243181818182], [-63.68520212765958, 46.31243181818182], [-63.68520212765958, 46.28513636363636], [-63.71257446808511, 46.28513636363636], [-63.71257446808511, 46.31243181818182]]]}, "properties": {"value": 3.260798215866089}}, {"type": "Feature", "geometry": {"type": "Polygon", "coordinates": [[[-63.68520212765958, 46.31243181818182], [-63.65782978723404, 46.31243181818182], [-63.65782978723404, 46.28513636363636], [-63.68520212765958, 46.28513636363636], [-63.68520212765958, 46.31243181818182]]]}, "properties": {"value": 3.968966484069824}}, {"type": "Feature", "geometry": {"type": "Polygon", "coordinates": [[[-63.65782978723404, 46.31243181818182], [-63.630457446808514, 46.31243181818182], [-63.630457446808514, 46.28513636363636], [-63.65782978723404, 46.28513636363636], [-63.65782978723404, 46.31243181818182]]]}, "properties": {"value": 3.7838351726531982}}, {"type": "Feature", "geometry": {"type": "Polygon", "coordinates": [[[-63.630457446808514, 46.31243181818182], [-63.60308510638298, 46.31243181818182], [-63.60308510638298, 46.28513636363636], [-63.630457446808514, 46.28513636363636], [-63.630457446808514, 46.31243181818182]]]}, "properties": {"value": 3.7838351726531982}}, {"type": "Feature", "geometry": {"type": "Polygon", "coordinates": [[[-63.60308510638298, 46.31243181818182], [-63.57571276595745, 46.31243181818182], [-63.57571276595745, 46.28513636363636], [-63.60308510638298, 46.28513636363636], [-63.60308510638298, 46.31243181818182]]]}, "properties": {"value": 3.974261522293091}}, {"type": "Feature", "geometry": {"type": "Polygon", "coordinates": [[[-63.57571276595745, 46.31243181818182], [-63.54834042553192, 46.31243181818182], [-63.54834042553192, 46.28513636363636], [-63.57571276595745, 46.28513636363636], [-63.57571276595745, 46.31243181818182]]]}, "properties": {"value": 3.1110572814941406}}, {"type": "Feature", "geometry": {"type": "Polygon", "coordinates": [[[-63.54834042553192, 46.31243181818182], [-63.52096808510638, 46.31243181818182], [-63.52096808510638, 46.28513636363636], [-63.54834042553192, 46.28513636363636], [-63.54834042553192, 46.31243181818182]]]}, "properties": {"value": 2.4977164268493652}}, {"type": "Feature", "geometry": {"type": "Polygon", "coordinates": [[[-63.52096808510638, 46.31243181818182], [-63.49359574468085, 46.31243181818182], [-63.49359574468085, 46.28513636363636], [-63.52096808510638, 46.28513636363636], [-63.52096808510638, 46.31243181818182]]]}, "properties": {"value": 2.7278053760528564}}, {"type": "Feature", "geometry": {"type": "Polygon", "coordinates": [[[-63.49359574468085, 46.31243181818182], [-63.466223404255324, 46.31243181818182], [-63.466223404255324, 46.28513636363636], [-63.49359574468085, 46.28513636363636], [-63.49359574468085, 46.31243181818182]]]}, "properties": {"value": 2.6267645359039307}}, {"type": "Feature", "geometry": {"type": "Polygon", "coordinates": [[[-63.466223404255324, 46.31243181818182], [-63.43885106382979, 46.31243181818182], [-63.43885106382979, 46.28513636363636], [-63.466223404255324, 46.28513636363636], [-63.466223404255324, 46.31243181818182]]]}, "properties": {"value": 2.6267645359039307}}, {"type": "Feature", "geometry": {"type": "Polygon", "coordinates": [[[-63.43885106382979, 46.31243181818182], [-63.41147872340426, 46.31243181818182], [-63.41147872340426, 46.28513636363636], [-63.43885106382979, 46.28513636363636], [-63.43885106382979, 46.31243181818182]]]}, "properties": {"value": 2.0453085899353027}}, {"type": "Feature", "geometry": {"type": "Polygon", "coordinates": [[[-63.41147872340426, 46.31243181818182], [-63.38410638297872, 46.31243181818182], [-63.38410638297872, 46.28513636363636], [-63.41147872340426, 46.28513636363636], [-63.41147872340426, 46.31243181818182]]]}, "properties": {"value": 2.275082588195801}}, {"type": "Feature", "geometry": {"type": "Polygon", "coordinates": [[[-63.38410638297872, 46.31243181818182], [-63.35673404255319, 46.31243181818182], [-63.35673404255319, 46.28513636363636], [-63.38410638297872, 46.28513636363636], [-63.38410638297872, 46.31243181818182]]]}, "properties": {"value": 1.980045199394226}}, {"type": "Feature", "geometry": {"type": "Polygon", "coordinates": [[[-63.35673404255319, 46.31243181818182], [-63.32936170212766, 46.31243181818182], [-63.32936170212766, 46.28513636363636], [-63.35673404255319, 46.28513636363636], [-63.35673404255319, 46.31243181818182]]]}, "properties": {"value": 2.0006918907165527}}, {"type": "Feature", "geometry": {"type": "Polygon", "coordinates": [[[-63.32936170212766, 46.31243181818182], [-63.30198936170213, 46.31243181818182], [-63.30198936170213, 46.28513636363636], [-63.32936170212766, 46.28513636363636], [-63.32936170212766, 46.31243181818182]]]}, "properties": {"value": 2.4385249614715576}}, {"type": "Feature", "geometry": {"type": "Polygon", "coordinates": [[[-63.30198936170213, 46.31243181818182], [-63.2746170212766, 46.31243181818182], [-63.2746170212766, 46.28513636363636], [-63.30198936170213, 46.28513636363636], [-63.30198936170213, 46.31243181818182]]]}, "properties": {"value": 2.1521735191345215}}, {"type": "Feature", "geometry": {"type": "Polygon", "coordinates": [[[-63.2746170212766, 46.31243181818182], [-63.24724468085107, 46.31243181818182], [-63.24724468085107, 46.28513636363636], [-63.2746170212766, 46.28513636363636], [-63.2746170212766, 46.31243181818182]]]}, "properties": {"value": 2.60046124458313}}, {"type": "Feature", "geometry": {"type": "Polygon", "coordinates": [[[-63.24724468085107, 46.31243181818182], [-63.21987234042553, 46.31243181818182], [-63.21987234042553, 46.28513636363636], [-63.24724468085107, 46.28513636363636], [-63.24724468085107, 46.31243181818182]]]}, "properties": {"value": 2.4094481468200684}}, {"type": "Feature", "geometry": {"type": "Polygon", "coordinates": [[[-63.21987234042553, 46.31243181818182], [-63.1925, 46.31243181818182], [-63.1925, 46.28513636363636], [-63.21987234042553, 46.28513636363636], [-63.21987234042553, 46.31243181818182]]]}, "properties": {"value": 2.4094481468200684}}, {"type": "Feature", "geometry": {"type": "Polygon", "coordinates": [[[-63.1925, 46.31243181818182], [-63.165127659574466, 46.31243181818182], [-63.165127659574466, 46.28513636363636], [-63.1925, 46.28513636363636], [-63.1925, 46.31243181818182]]]}, "properties": {"value": 2.2105302810668945}}, {"type": "Feature", "geometry": {"type": "Polygon", "coordinates": [[[-63.165127659574466, 46.31243181818182], [-63.13775531914894, 46.31243181818182], [-63.13775531914894, 46.28513636363636], [-63.165127659574466, 46.28513636363636], [-63.165127659574466, 46.31243181818182]]]}, "properties": {"value": 2.269091844558716}}, {"type": "Feature", "geometry": {"type": "Polygon", "coordinates": [[[-63.13775531914894, 46.31243181818182], [-63.11038297872341, 46.31243181818182], [-63.11038297872341, 46.28513636363636], [-63.13775531914894, 46.28513636363636], [-63.13775531914894, 46.31243181818182]]]}, "properties": {"value": 2.6122443675994873}}, {"type": "Feature", "geometry": {"type": "Polygon", "coordinates": [[[-63.11038297872341, 46.31243181818182], [-63.08301063829787, 46.31243181818182], [-63.08301063829787, 46.28513636363636], [-63.11038297872341, 46.28513636363636], [-63.11038297872341, 46.31243181818182]]]}, "properties": {"value": 2.9984638690948486}}, {"type": "Feature", "geometry": {"type": "Polygon", "coordinates": [[[-63.08301063829787, 46.31243181818182], [-63.05563829787234, 46.31243181818182], [-63.05563829787234, 46.28513636363636], [-63.08301063829787, 46.28513636363636], [-63.08301063829787, 46.31243181818182]]]}, "properties": {"value": 2.422541618347168}}, {"type": "Feature", "geometry": {"type": "Polygon", "coordinates": [[[-63.05563829787234, 46.31243181818182], [-63.02826595744681, 46.31243181818182], [-63.02826595744681, 46.28513636363636], [-63.05563829787234, 46.28513636363636], [-63.05563829787234, 46.31243181818182]]]}, "properties": {"value": 2.854530096054077}}, {"type": "Feature", "geometry": {"type": "Polygon", "coordinates": [[[-63.02826595744681, 46.31243181818182], [-63.000893617021276, 46.31243181818182], [-63.000893617021276, 46.28513636363636], [-63.02826595744681, 46.28513636363636], [-63.02826595744681, 46.31243181818182]]]}, "properties": {"value": 2.72367525100708}}, {"type": "Feature", "geometry": {"type": "Polygon", "coordinates": [[[-63.000893617021276, 46.31243181818182], [-62.97352127659575, 46.31243181818182], [-62.97352127659575, 46.28513636363636], [-63.000893617021276, 46.28513636363636], [-63.000893617021276, 46.31243181818182]]]}, "properties": {"value": 2.72367525100708}}, {"type": "Feature", "geometry": {"type": "Polygon", "coordinates": [[[-62.97352127659575, 46.31243181818182], [-62.94614893617022, 46.31243181818182], [-62.94614893617022, 46.28513636363636], [-62.97352127659575, 46.28513636363636], [-62.97352127659575, 46.31243181818182]]]}, "properties": {"value": 2.59563946723938}}, {"type": "Feature", "geometry": {"type": "Polygon", "coordinates": [[[-62.94614893617022, 46.31243181818182], [-62.91877659574468, 46.31243181818182], [-62.91877659574468, 46.28513636363636], [-62.94614893617022, 46.28513636363636], [-62.94614893617022, 46.31243181818182]]]}, "properties": {"value": 2.9869544506073}}, {"type": "Feature", "geometry": {"type": "Polygon", "coordinates": [[[-62.91877659574468, 46.31243181818182], [-62.89140425531915, 46.31243181818182], [-62.89140425531915, 46.28513636363636], [-62.91877659574468, 46.28513636363636], [-62.91877659574468, 46.31243181818182]]]}, "properties": {"value": 3.0425667762756348}}, {"type": "Feature", "geometry": {"type": "Polygon", "coordinates": [[[-62.89140425531915, 46.31243181818182], [-62.864031914893616, 46.31243181818182], [-62.864031914893616, 46.28513636363636], [-62.89140425531915, 46.28513636363636], [-62.89140425531915, 46.31243181818182]]]}, "properties": {"value": 3.706387519836426}}, {"type": "Feature", "geometry": {"type": "Polygon", "coordinates": [[[-62.864031914893616, 46.31243181818182], [-62.83665957446809, 46.31243181818182], [-62.83665957446809, 46.28513636363636], [-62.864031914893616, 46.28513636363636], [-62.864031914893616, 46.31243181818182]]]}, "properties": {"value": 3.2401933670043945}}, {"type": "Feature", "geometry": {"type": "Polygon", "coordinates": [[[-62.83665957446809, 46.31243181818182], [-62.80928723404256, 46.31243181818182], [-62.80928723404256, 46.28513636363636], [-62.83665957446809, 46.28513636363636], [-62.83665957446809, 46.31243181818182]]]}, "properties": {"value": 3.588860511779785}}, {"type": "Feature", "geometry": {"type": "Polygon", "coordinates": [[[-62.80928723404256, 46.31243181818182], [-62.78191489361702, 46.31243181818182], [-62.78191489361702, 46.28513636363636], [-62.80928723404256, 46.28513636363636], [-62.80928723404256, 46.31243181818182]]]}, "properties": {"value": 3.408003568649292}}, {"type": "Feature", "geometry": {"type": "Polygon", "coordinates": [[[-62.78191489361702, 46.31243181818182], [-62.75454255319149, 46.31243181818182], [-62.75454255319149, 46.28513636363636], [-62.78191489361702, 46.28513636363636], [-62.78191489361702, 46.31243181818182]]]}, "properties": {"value": 2.99151873588562}}, {"type": "Feature", "geometry": {"type": "Polygon", "coordinates": [[[-62.75454255319149, 46.31243181818182], [-62.72717021276596, 46.31243181818182], [-62.72717021276596, 46.28513636363636], [-62.75454255319149, 46.28513636363636], [-62.75454255319149, 46.31243181818182]]]}, "properties": {"value": 2.99151873588562}}, {"type": "Feature", "geometry": {"type": "Polygon", "coordinates": [[[-62.72717021276596, 46.31243181818182], [-62.699797872340426, 46.31243181818182], [-62.699797872340426, 46.28513636363636], [-62.72717021276596, 46.28513636363636], [-62.72717021276596, 46.31243181818182]]]}, "properties": {"value": 3.3556652069091797}}, {"type": "Feature", "geometry": {"type": "Polygon", "coordinates": [[[-62.699797872340426, 46.31243181818182], [-62.6724255319149, 46.31243181818182], [-62.6724255319149, 46.28513636363636], [-62.699797872340426, 46.28513636363636], [-62.699797872340426, 46.31243181818182]]]}, "properties": {"value": 2.5829169750213623}}, {"type": "Feature", "geometry": {"type": "Polygon", "coordinates": [[[-62.6724255319149, 46.31243181818182], [-62.64505319148936, 46.31243181818182], [-62.64505319148936, 46.28513636363636], [-62.6724255319149, 46.28513636363636], [-62.6724255319149, 46.31243181818182]]]}, "properties": {"value": 3.0037708282470703}}, {"type": "Feature", "geometry": {"type": "Polygon", "coordinates": [[[-62.64505319148936, 46.31243181818182], [-62.61768085106383, 46.31243181818182], [-62.61768085106383, 46.28513636363636], [-62.64505319148936, 46.28513636363636], [-62.64505319148936, 46.31243181818182]]]}, "properties": {"value": 3.839897871017456}}, {"type": "Feature", "geometry": {"type": "Polygon", "coordinates": [[[-62.61768085106383, 46.31243181818182], [-62.5903085106383, 46.31243181818182], [-62.5903085106383, 46.28513636363636], [-62.61768085106383, 46.28513636363636], [-62.61768085106383, 46.31243181818182]]]}, "properties": {"value": 3.2359580993652344}}, {"type": "Feature", "geometry": {"type": "Polygon", "coordinates": [[[-62.5903085106383, 46.31243181818182], [-62.562936170212765, 46.31243181818182], [-62.562936170212765, 46.28513636363636], [-62.5903085106383, 46.28513636363636], [-62.5903085106383, 46.31243181818182]]]}, "properties": {"value": 3.0037014484405518}}, {"type": "Feature", "geometry": {"type": "Polygon", "coordinates": [[[-62.562936170212765, 46.31243181818182], [-62.535563829787236, 46.31243181818182], [-62.535563829787236, 46.28513636363636], [-62.562936170212765, 46.28513636363636], [-62.562936170212765, 46.31243181818182]]]}, "properties": {"value": 3.498929023742676}}, {"type": "Feature", "geometry": {"type": "Polygon", "coordinates": [[[-62.535563829787236, 46.31243181818182], [-62.50819148936171, 46.31243181818182], [-62.50819148936171, 46.28513636363636], [-62.535563829787236, 46.28513636363636], [-62.535563829787236, 46.31243181818182]]]}, "properties": {"value": 4.237771987915039}}, {"type": "Feature", "geometry": {"type": "Polygon", "coordinates": [[[-62.50819148936171, 46.31243181818182], [-62.48081914893617, 46.31243181818182], [-62.48081914893617, 46.28513636363636], [-62.50819148936171, 46.28513636363636], [-62.50819148936171, 46.31243181818182]]]}, "properties": {"value": 4.078204154968262}}, {"type": "Feature", "geometry": {"type": "Polygon", "coordinates": [[[-62.48081914893617, 46.31243181818182], [-62.45344680851064, 46.31243181818182], [-62.45344680851064, 46.28513636363636], [-62.48081914893617, 46.28513636363636], [-62.48081914893617, 46.31243181818182]]]}, "properties": {"value": 2.709852695465088}}, {"type": "Feature", "geometry": {"type": "Polygon", "coordinates": [[[-62.45344680851064, 46.31243181818182], [-62.426074468085105, 46.31243181818182], [-62.426074468085105, 46.28513636363636], [-62.45344680851064, 46.28513636363636], [-62.45344680851064, 46.31243181818182]]]}, "properties": {"value": 2.709852695465088}}, {"type": "Feature", "geometry": {"type": "Polygon", "coordinates": [[[-62.426074468085105, 46.31243181818182], [-62.398702127659575, 46.31243181818182], [-62.398702127659575, 46.28513636363636], [-62.426074468085105, 46.28513636363636], [-62.426074468085105, 46.31243181818182]]]}, "properties": {"value": 3.621622323989868}}, {"type": "Feature", "geometry": {"type": "Polygon", "coordinates": [[[-62.398702127659575, 46.31243181818182], [-62.371329787234046, 46.31243181818182], [-62.371329787234046, 46.28513636363636], [-62.398702127659575, 46.28513636363636], [-62.398702127659575, 46.31243181818182]]]}, "properties": {"value": 3.0997226238250732}}, {"type": "Feature", "geometry": {"type": "Polygon", "coordinates": [[[-62.371329787234046, 46.31243181818182], [-62.34395744680851, 46.31243181818182], [-62.34395744680851, 46.28513636363636], [-62.371329787234046, 46.28513636363636], [-62.371329787234046, 46.31243181818182]]]}, "properties": {"value": 3.4007961750030518}}, {"type": "Feature", "geometry": {"type": "Polygon", "coordinates": [[[-62.34395744680851, 46.31243181818182], [-62.31658510638298, 46.31243181818182], [-62.31658510638298, 46.28513636363636], [-62.34395744680851, 46.28513636363636], [-62.34395744680851, 46.31243181818182]]]}, "properties": {"value": 1.3495326042175293}}, {"type": "Feature", "geometry": {"type": "Polygon", "coordinates": [[[-63.73994680851064, 46.28513636363636], [-63.71257446808511, 46.28513636363636], [-63.71257446808511, 46.25784090909091], [-63.73994680851064, 46.25784090909091], [-63.73994680851064, 46.28513636363636]]]}, "properties": {"value": 3.1220481395721436}}, {"type": "Feature", "geometry": {"type": "Polygon", "coordinates": [[[-63.71257446808511, 46.28513636363636], [-63.68520212765958, 46.28513636363636], [-63.68520212765958, 46.25784090909091], [-63.71257446808511, 46.25784090909091], [-63.71257446808511, 46.28513636363636]]]}, "properties": {"value": 4.49722146987915}}, {"type": "Feature", "geometry": {"type": "Polygon", "coordinates": [[[-63.68520212765958, 46.28513636363636], [-63.65782978723404, 46.28513636363636], [-63.65782978723404, 46.25784090909091], [-63.68520212765958, 46.25784090909091], [-63.68520212765958, 46.28513636363636]]]}, "properties": {"value": 3.5766212940216064}}, {"type": "Feature", "geometry": {"type": "Polygon", "coordinates": [[[-63.65782978723404, 46.28513636363636], [-63.630457446808514, 46.28513636363636], [-63.630457446808514, 46.25784090909091], [-63.65782978723404, 46.25784090909091], [-63.65782978723404, 46.28513636363636]]]}, "properties": {"value": 3.0385191440582275}}, {"type": "Feature", "geometry": {"type": "Polygon", "coordinates": [[[-63.630457446808514, 46.28513636363636], [-63.60308510638298, 46.28513636363636], [-63.60308510638298, 46.25784090909091], [-63.630457446808514, 46.25784090909091], [-63.630457446808514, 46.28513636363636]]]}, "properties": {"value": 3.0385191440582275}}, {"type": "Feature", "geometry": {"type": "Polygon", "coordinates": [[[-63.60308510638298, 46.28513636363636], [-63.57571276595745, 46.28513636363636], [-63.57571276595745, 46.25784090909091], [-63.60308510638298, 46.25784090909091], [-63.60308510638298, 46.28513636363636]]]}, "properties": {"value": 3.248685598373413}}, {"type": "Feature", "geometry": {"type": "Polygon", "coordinates": [[[-63.57571276595745, 46.28513636363636], [-63.54834042553192, 46.28513636363636], [-63.54834042553192, 46.25784090909091], [-63.57571276595745, 46.25784090909091], [-63.57571276595745, 46.28513636363636]]]}, "properties": {"value": 3.248685598373413}}, {"type": "Feature", "geometry": {"type": "Polygon", "coordinates": [[[-63.54834042553192, 46.28513636363636], [-63.52096808510638, 46.28513636363636], [-63.52096808510638, 46.25784090909091], [-63.54834042553192, 46.25784090909091], [-63.54834042553192, 46.28513636363636]]]}, "properties": {"value": 2.889340877532959}}, {"type": "Feature", "geometry": {"type": "Polygon", "coordinates": [[[-63.52096808510638, 46.28513636363636], [-63.49359574468085, 46.28513636363636], [-63.49359574468085, 46.25784090909091], [-63.52096808510638, 46.25784090909091], [-63.52096808510638, 46.28513636363636]]]}, "properties": {"value": 3.5823466777801514}}, {"type": "Feature", "geometry": {"type": "Polygon", "coordinates": [[[-63.49359574468085, 46.28513636363636], [-63.466223404255324, 46.28513636363636], [-63.466223404255324, 46.25784090909091], [-63.49359574468085, 46.25784090909091], [-63.49359574468085, 46.28513636363636]]]}, "properties": {"value": 3.4669747352600098}}, {"type": "Feature", "geometry": {"type": "Polygon", "coordinates": [[[-63.466223404255324, 46.28513636363636], [-63.43885106382979, 46.28513636363636], [-63.43885106382979, 46.25784090909091], [-63.466223404255324, 46.25784090909091], [-63.466223404255324, 46.28513636363636]]]}, "properties": {"value": 3.681370258331299}}, {"type": "Feature", "geometry": {"type": "Polygon", "coordinates": [[[-63.43885106382979, 46.28513636363636], [-63.41147872340426, 46.28513636363636], [-63.41147872340426, 46.25784090909091], [-63.43885106382979, 46.25784090909091], [-63.43885106382979, 46.28513636363636]]]}, "properties": {"value": 2.655364751815796}}, {"type": "Feature", "geometry": {"type": "Polygon", "coordinates": [[[-63.41147872340426, 46.28513636363636], [-63.38410638297872, 46.28513636363636], [-63.38410638297872, 46.25784090909091], [-63.41147872340426, 46.25784090909091], [-63.41147872340426, 46.28513636363636]]]}, "properties": {"value": 2.655364751815796}}, {"type": "Feature", "geometry": {"type": "Polygon", "coordinates": [[[-63.38410638297872, 46.28513636363636], [-63.35673404255319, 46.28513636363636], [-63.35673404255319, 46.25784090909091], [-63.38410638297872, 46.25784090909091], [-63.38410638297872, 46.28513636363636]]]}, "properties": {"value": 3.7828521728515625}}, {"type": "Feature", "geometry": {"type": "Polygon", "coordinates": [[[-63.35673404255319, 46.28513636363636], [-63.32936170212766, 46.28513636363636], [-63.32936170212766, 46.25784090909091], [-63.35673404255319, 46.25784090909091], [-63.35673404255319, 46.28513636363636]]]}, "properties": {"value": 2.37345552444458}}, {"type": "Feature", "geometry": {"type": "Polygon", "coordinates": [[[-63.32936170212766, 46.28513636363636], [-63.30198936170213, 46.28513636363636], [-63.30198936170213, 46.25784090909091], [-63.32936170212766, 46.25784090909091], [-63.32936170212766, 46.28513636363636]]]}, "properties": {"value": 2.37345552444458}}, {"type": "Feature", "geometry": {"type": "Polygon", "coordinates": [[[-63.30198936170213, 46.28513636363636], [-63.2746170212766, 46.28513636363636], [-63.2746170212766, 46.25784090909091], [-63.30198936170213, 46.25784090909091], [-63.30198936170213, 46.28513636363636]]]}, "properties": {"value": 2.7163119316101074}}, {"type": "Feature", "geometry": {"type": "Polygon", "coordinates": [[[-63.2746170212766, 46.28513636363636], [-63.24724468085107, 46.28513636363636], [-63.24724468085107, 46.25784090909091], [-63.2746170212766, 46.25784090909091], [-63.2746170212766, 46.28513636363636]]]}, "properties": {"value": 2.98164701461792}}, {"type": "Feature", "geometry": {"type": "Polygon", "coordinates": [[[-63.24724468085107, 46.28513636363636], [-63.21987234042553, 46.28513636363636], [-63.21987234042553, 46.25784090909091], [-63.24724468085107, 46.25784090909091], [-63.24724468085107, 46.28513636363636]]]}, "properties": {"value": 2.5361883640289307}}, {"type": "Feature", "geometry": {"type": "Polygon", "coordinates": [[[-63.21987234042553, 46.28513636363636], [-63.1925, 46.28513636363636], [-63.1925, 46.25784090909091], [-63.21987234042553, 46.25784090909091], [-63.21987234042553, 46.28513636363636]]]}, "properties": {"value": 2.3384716510772705}}, {"type": "Feature", "geometry": {"type": "Polygon", "coordinates": [[[-63.1925, 46.28513636363636], [-63.165127659574466, 46.28513636363636], [-63.165127659574466, 46.25784090909091], [-63.1925, 46.25784090909091], [-63.1925, 46.28513636363636]]]}, "properties": {"value": 2.616326332092285}}, {"type": "Feature", "geometry": {"type": "Polygon", "coordinates": [[[-63.165127659574466, 46.28513636363636], [-63.13775531914894, 46.28513636363636], [-63.13775531914894, 46.25784090909091], [-63.165127659574466, 46.25784090909091], [-63.165127659574466, 46.28513636363636]]]}, "properties": {"value": 2.616326332092285}}, {"type": "Feature", "geometry": {"type": "Polygon", "coordinates": [[[-63.13775531914894, 46.28513636363636], [-63.11038297872341, 46.28513636363636], [-63.11038297872341, 46.25784090909091], [-63.13775531914894, 46.25784090909091], [-63.13775531914894, 46.28513636363636]]]}, "properties": {"value": 3.8728318214416504}}, {"type": "Feature", "geometry": {"type": "Polygon", "coordinates": [[[-63.11038297872341, 46.28513636363636], [-63.08301063829787, 46.28513636363636], [-63.08301063829787, 46.25784090909091], [-63.11038297872341, 46.25784090909091], [-63.11038297872341, 46.28513636363636]]]}, "properties": {"value": 3.5018651485443115}}, {"type": "Feature", "geometry": {"type": "Polygon", "coordinates": [[[-63.08301063829787, 46.28513636363636], [-63.05563829787234, 46.28513636363636], [-63.05563829787234, 46.25784090909091], [-63.08301063829787, 46.25784090909091], [-63.08301063829787, 46.28513636363636]]]}, "properties": {"value": 3.365529775619507}}, {"type": "Feature", "geometry": {"type": "Polygon", "coordinates": [[[-63.05563829787234, 46.28513636363636], [-63.02826595744681, 46.28513636363636], [-63.02826595744681, 46.25784090909091], [-63.05563829787234, 46.25784090909091], [-63.05563829787234, 46.28513636363636]]]}, "properties": {"value": 3.9833104610443115}}, {"type": "Feature", "geometry": {"type": "Polygon", "coordinates": [[[-63.02826595744681, 46.28513636363636], [-63.000893617021276, 46.28513636363636], [-63.000893617021276, 46.25784090909091], [-63.02826595744681, 46.25784090909091], [-63.02826595744681, 46.28513636363636]]]}, "properties": {"value": 3.8530242443084717}}, {"type": "Feature", "geometry": {"type": "Polygon", "coordinates": [[[-63.000893617021276, 46.28513636363636], [-62.97352127659575, 46.28513636363636], [-62.97352127659575, 46.25784090909091], [-63.000893617021276, 46.25784090909091], [-63.000893617021276, 46.28513636363636]]]}, "properties": {"value": 3.8530242443084717}}, {"type": "Feature", "geometry": {"type": "Polygon", "coordinates": [[[-62.97352127659575, 46.28513636363636], [-62.94614893617022, 46.28513636363636], [-62.94614893617022, 46.25784090909091], [-62.97352127659575, 46.25784090909091], [-62.97352127659575, 46.28513636363636]]]}, "properties": {"value": 2.8890020847320557}}, {"type": "Feature", "geometry": {"type": "Polygon", "coordinates": [[[-62.94614893617022, 46.28513636363636], [-62.91877659574468, 46.28513636363636], [-62.91877659574468, 46.25784090909091], [-62.94614893617022, 46.25784090909091], [-62.94614893617022, 46.28513636363636]]]}, "properties": {"value": 2.9869544506073}}, {"type": "Feature", "geometry": {"type": "Polygon", "coordinates": [[[-62.91877659574468, 46.28513636363636], [-62.89140425531915, 46.28513636363636], [-62.89140425531915, 46.25784090909091], [-62.91877659574468, 46.25784090909091], [-62.91877659574468, 46.28513636363636]]]}, "properties": {"value": 2.4502830505371094}}, {"type": "Feature", "geometry": {"type": "Polygon", "coordinates": [[[-62.89140425531915, 46.28513636363636], [-62.864031914893616, 46.28513636363636], [-62.864031914893616, 46.25784090909091], [-62.89140425531915, 46.25784090909091], [-62.89140425531915, 46.28513636363636]]]}, "properties": {"value": 2.897101640701294}}, {"type": "Feature", "geometry": {"type": "Polygon", "coordinates": [[[-62.864031914893616, 46.28513636363636], [-62.83665957446809, 46.28513636363636], [-62.83665957446809, 46.25784090909091], [-62.864031914893616, 46.25784090909091], [-62.864031914893616, 46.28513636363636]]]}, "properties": {"value": 2.897101640701294}}, {"type": "Feature", "geometry": {"type": "Polygon", "coordinates": [[[-62.83665957446809, 46.28513636363636], [-62.80928723404256, 46.28513636363636], [-62.80928723404256, 46.25784090909091], [-62.83665957446809, 46.25784090909091], [-62.83665957446809, 46.28513636363636]]]}, "properties": {"value": 3.144434928894043}}, {"type": "Feature", "geometry": {"type": "Polygon", "coordinates": [[[-62.80928723404256, 46.28513636363636], [-62.78191489361702, 46.28513636363636], [-62.78191489361702, 46.25784090909091], [-62.80928723404256, 46.25784090909091], [-62.80928723404256, 46.28513636363636]]]}, "properties": {"value": 2.4175541400909424}}, {"type": "Feature", "geometry": {"type": "Polygon", "coordinates": [[[-62.78191489361702, 46.28513636363636], [-62.75454255319149, 46.28513636363636], [-62.75454255319149, 46.25784090909091], [-62.78191489361702, 46.25784090909091], [-62.78191489361702, 46.28513636363636]]]}, "properties": {"value": 2.862199306488037}}, {"type": "Feature", "geometry": {"type": "Polygon", "coordinates": [[[-62.75454255319149, 46.28513636363636], [-62.72717021276596, 46.28513636363636], [-62.72717021276596, 46.25784090909091], [-62.75454255319149, 46.25784090909091], [-62.75454255319149, 46.28513636363636]]]}, "properties": {"value": 2.979567766189575}}, {"type": "Feature", "geometry": {"type": "Polygon", "coordinates": [[[-62.72717021276596, 46.28513636363636], [-62.699797872340426, 46.28513636363636], [-62.699797872340426, 46.25784090909091], [-62.72717021276596, 46.25784090909091], [-62.72717021276596, 46.28513636363636]]]}, "properties": {"value": 3.1531529426574707}}, {"type": "Feature", "geometry": {"type": "Polygon", "coordinates": [[[-62.699797872340426, 46.28513636363636], [-62.6724255319149, 46.28513636363636], [-62.6724255319149, 46.25784090909091], [-62.699797872340426, 46.25784090909091], [-62.699797872340426, 46.28513636363636]]]}, "properties": {"value": 3.1531529426574707}}, {"type": "Feature", "geometry": {"type": "Polygon", "coordinates": [[[-62.6724255319149, 46.28513636363636], [-62.64505319148936, 46.28513636363636], [-62.64505319148936, 46.25784090909091], [-62.6724255319149, 46.25784090909091], [-62.6724255319149, 46.28513636363636]]]}, "properties": {"value": 2.846308708190918}}, {"type": "Feature", "geometry": {"type": "Polygon", "coordinates": [[[-62.64505319148936, 46.28513636363636], [-62.61768085106383, 46.28513636363636], [-62.61768085106383, 46.25784090909091], [-62.64505319148936, 46.25784090909091], [-62.64505319148936, 46.28513636363636]]]}, "properties": {"value": 3.367647647857666}}, {"type": "Feature", "geometry": {"type": "Polygon", "coordinates": [[[-62.61768085106383, 46.28513636363636], [-62.5903085106383, 46.28513636363636], [-62.5903085106383, 46.25784090909091], [-62.61768085106383, 46.25784090909091], [-62.61768085106383, 46.28513636363636]]]}, "properties": {"value": 3.174572229385376}}, {"type": "Feature", "geometry": {"type": "Polygon", "coordinates": [[[-62.5903085106383, 46.28513636363636], [-62.562936170212765, 46.28513636363636], [-62.562936170212765, 46.25784090909091], [-62.5903085106383, 46.25784090909091], [-62.5903085106383, 46.28513636363636]]]}, "properties": {"value": 4.0211591720581055}}, {"type": "Feature", "geometry": {"type": "Polygon", "coordinates": [[[-62.562936170212765, 46.28513636363636], [-62.535563829787236, 46.28513636363636], [-62.535563829787236, 46.25784090909091], [-62.562936170212765, 46.25784090909091], [-62.562936170212765, 46.28513636363636]]]}, "properties": {"value": 3.520827293395996}}, {"type": "Feature", "geometry": {"type": "Polygon", "coordinates": [[[-62.535563829787236, 46.28513636363636], [-62.50819148936171, 46.28513636363636], [-62.50819148936171, 46.25784090909091], [-62.535563829787236, 46.25784090909091], [-62.535563829787236, 46.28513636363636]]]}, "properties": {"value": 4.107450008392334}}, {"type": "Feature", "geometry": {"type": "Polygon", "coordinates": [[[-62.50819148936171, 46.28513636363636], [-62.48081914893617, 46.28513636363636], [-62.48081914893617, 46.25784090909091], [-62.50819148936171, 46.25784090909091], [-62.50819148936171, 46.28513636363636]]]}, "properties": {"value": 3.935619592666626}}, {"type": "Feature", "geometry": {"type": "Polygon", "coordinates": [[[-62.48081914893617, 46.28513636363636], [-62.45344680851064, 46.28513636363636], [-62.45344680851064, 46.25784090909091], [-62.48081914893617, 46.25784090909091], [-62.48081914893617, 46.28513636363636]]]}, "properties": {"value": 4.153027057647705}}, {"type": "Feature", "geometry": {"type": "Polygon", "coordinates": [[[-62.45344680851064, 46.28513636363636], [-62.426074468085105, 46.28513636363636], [-62.426074468085105, 46.25784090909091], [-62.45344680851064, 46.25784090909091], [-62.45344680851064, 46.28513636363636]]]}, "properties": {"value": 3.295762777328491}}, {"type": "Feature", "geometry": {"type": "Polygon", "coordinates": [[[-62.426074468085105, 46.28513636363636], [-62.398702127659575, 46.28513636363636], [-62.398702127659575, 46.25784090909091], [-62.426074468085105, 46.25784090909091], [-62.426074468085105, 46.28513636363636]]]}, "properties": {"value": 3.811602830886841}}, {"type": "Feature", "geometry": {"type": "Polygon", "coordinates": [[[-62.398702127659575, 46.28513636363636], [-62.371329787234046, 46.28513636363636], [-62.371329787234046, 46.25784090909091], [-62.398702127659575, 46.25784090909091], [-62.398702127659575, 46.28513636363636]]]}, "properties": {"value": 3.811602830886841}}, {"type": "Feature", "geometry": {"type": "Polygon", "coordinates": [[[-62.371329787234046, 46.28513636363636], [-62.34395744680851, 46.28513636363636], [-62.34395744680851, 46.25784090909091], [-62.371329787234046, 46.25784090909091], [-62.371329787234046, 46.28513636363636]]]}, "properties": {"value": 1.3016360998153687}}, {"type": "Feature", "geometry": {"type": "Polygon", "coordinates": [[[-63.71257446808511, 46.25784090909091], [-63.68520212765958, 46.25784090909091], [-63.68520212765958, 46.23054545454546], [-63.71257446808511, 46.23054545454546], [-63.71257446808511, 46.25784090909091]]]}, "properties": {"value": 3.714318037033081}}, {"type": "Feature", "geometry": {"type": "Polygon", "coordinates": [[[-63.68520212765958, 46.25784090909091], [-63.65782978723404, 46.25784090909091], [-63.65782978723404, 46.23054545454546], [-63.68520212765958, 46.23054545454546], [-63.68520212765958, 46.25784090909091]]]}, "properties": {"value": 3.657871961593628}}, {"type": "Feature", "geometry": {"type": "Polygon", "coordinates": [[[-63.65782978723404, 46.25784090909091], [-63.630457446808514, 46.25784090909091], [-63.630457446808514, 46.23054545454546], [-63.65782978723404, 46.23054545454546], [-63.65782978723404, 46.25784090909091]]]}, "properties": {"value": 3.139895439147949}}, {"type": "Feature", "geometry": {"type": "Polygon", "coordinates": [[[-63.630457446808514, 46.25784090909091], [-63.60308510638298, 46.25784090909091], [-63.60308510638298, 46.23054545454546], [-63.630457446808514, 46.23054545454546], [-63.630457446808514, 46.25784090909091]]]}, "properties": {"value": 3.3144116401672363}}, {"type": "Feature", "geometry": {"type": "Polygon", "coordinates": [[[-63.60308510638298, 46.25784090909091], [-63.57571276595745, 46.25784090909091], [-63.57571276595745, 46.23054545454546], [-63.60308510638298, 46.23054545454546], [-63.60308510638298, 46.25784090909091]]]}, "properties": {"value": 3.7531371116638184}}, {"type": "Feature", "geometry": {"type": "Polygon", "coordinates": [[[-63.57571276595745, 46.25784090909091], [-63.54834042553192, 46.25784090909091], [-63.54834042553192, 46.23054545454546], [-63.57571276595745, 46.23054545454546], [-63.57571276595745, 46.25784090909091]]]}, "properties": {"value": 3.7531371116638184}}, {"type": "Feature", "geometry": {"type": "Polygon", "coordinates": [[[-63.54834042553192, 46.25784090909091], [-63.52096808510638, 46.25784090909091], [-63.52096808510638, 46.23054545454546], [-63.54834042553192, 46.23054545454546], [-63.54834042553192, 46.25784090909091]]]}, "properties": {"value": 3.665647029876709}}, {"type": "Feature", "geometry": {"type": "Polygon", "coordinates": [[[-63.52096808510638, 46.25784090909091], [-63.49359574468085, 46.25784090909091], [-63.49359574468085, 46.23054545454546], [-63.52096808510638, 46.23054545454546], [-63.52096808510638, 46.25784090909091]]]}, "properties": {"value": 3.577510356903076}}, {"type": "Feature", "geometry": {"type": "Polygon", "coordinates": [[[-63.49359574468085, 46.25784090909091], [-63.466223404255324, 46.25784090909091], [-63.466223404255324, 46.23054545454546], [-63.49359574468085, 46.23054545454546], [-63.49359574468085, 46.25784090909091]]]}, "properties": {"value": 3.4153683185577393}}, {"type": "Feature", "geometry": {"type": "Polygon", "coordinates": [[[-63.466223404255324, 46.25784090909091], [-63.43885106382979, 46.25784090909091], [-63.43885106382979, 46.23054545454546], [-63.466223404255324, 46.23054545454546], [-63.466223404255324, 46.25784090909091]]]}, "properties": {"value": 3.444342613220215}}, {"type": "Feature", "geometry": {"type": "Polygon", "coordinates": [[[-63.43885106382979, 46.25784090909091], [-63.41147872340426, 46.25784090909091], [-63.41147872340426, 46.23054545454546], [-63.43885106382979, 46.23054545454546], [-63.43885106382979, 46.25784090909091]]]}, "properties": {"value": 3.7453067302703857}}, {"type": "Feature", "geometry": {"type": "Polygon", "coordinates": [[[-63.41147872340426, 46.25784090909091], [-63.38410638297872, 46.25784090909091], [-63.38410638297872, 46.23054545454546], [-63.41147872340426, 46.23054545454546], [-63.41147872340426, 46.25784090909091]]]}, "properties": {"value": 3.4022436141967773}}, {"type": "Feature", "geometry": {"type": "Polygon", "coordinates": [[[-63.38410638297872, 46.25784090909091], [-63.35673404255319, 46.25784090909091], [-63.35673404255319, 46.23054545454546], [-63.38410638297872, 46.23054545454546], [-63.38410638297872, 46.25784090909091]]]}, "properties": {"value": 3.504014492034912}}, {"type": "Feature", "geometry": {"type": "Polygon", "coordinates": [[[-63.35673404255319, 46.25784090909091], [-63.32936170212766, 46.25784090909091], [-63.32936170212766, 46.23054545454546], [-63.35673404255319, 46.23054545454546], [-63.35673404255319, 46.25784090909091]]]}, "properties": {"value": 3.8301784992218018}}, {"type": "Feature", "geometry": {"type": "Polygon", "coordinates": [[[-63.32936170212766, 46.25784090909091], [-63.30198936170213, 46.25784090909091], [-63.30198936170213, 46.23054545454546], [-63.32936170212766, 46.23054545454546], [-63.32936170212766, 46.25784090909091]]]}, "properties": {"value": 3.595301628112793}}, {"type": "Feature", "geometry": {"type": "Polygon", "coordinates": [[[-63.30198936170213, 46.25784090909091], [-63.2746170212766, 46.25784090909091], [-63.2746170212766, 46.23054545454546], [-63.30198936170213, 46.23054545454546], [-63.30198936170213, 46.25784090909091]]]}, "properties": {"value": 3.942002534866333}}, {"type": "Feature", "geometry": {"type": "Polygon", "coordinates": [[[-63.2746170212766, 46.25784090909091], [-63.24724468085107, 46.25784090909091], [-63.24724468085107, 46.23054545454546], [-63.2746170212766, 46.23054545454546], [-63.2746170212766, 46.25784090909091]]]}, "properties": {"value": 3.942002534866333}}, {"type": "Feature", "geometry": {"type": "Polygon", "coordinates": [[[-63.24724468085107, 46.25784090909091], [-63.21987234042553, 46.25784090909091], [-63.21987234042553, 46.23054545454546], [-63.24724468085107, 46.23054545454546], [-63.24724468085107, 46.25784090909091]]]}, "properties": {"value": 3.112377166748047}}, {"type": "Feature", "geometry": {"type": "Polygon", "coordinates": [[[-63.21987234042553, 46.25784090909091], [-63.1925, 46.25784090909091], [-63.1925, 46.23054545454546], [-63.21987234042553, 46.23054545454546], [-63.21987234042553, 46.25784090909091]]]}, "properties": {"value": 4.681260108947754}}, {"type": "Feature", "geometry": {"type": "Polygon", "coordinates": [[[-63.1925, 46.25784090909091], [-63.165127659574466, 46.25784090909091], [-63.165127659574466, 46.23054545454546], [-63.1925, 46.23054545454546], [-63.1925, 46.25784090909091]]]}, "properties": {"value": 3.678854465484619}}, {"type": "Feature", "geometry": {"type": "Polygon", "coordinates": [[[-63.165127659574466, 46.25784090909091], [-63.13775531914894, 46.25784090909091], [-63.13775531914894, 46.23054545454546], [-63.165127659574466, 46.23054545454546], [-63.165127659574466, 46.25784090909091]]]}, "properties": {"value": 3.868804693222046}}, {"type": "Feature", "geometry": {"type": "Polygon", "coordinates": [[[-63.13775531914894, 46.25784090909091], [-63.11038297872341, 46.25784090909091], [-63.11038297872341, 46.23054545454546], [-63.13775531914894, 46.23054545454546], [-63.13775531914894, 46.25784090909091]]]}, "properties": {"value": 4.546852111816406}}, {"type": "Feature", "geometry": {"type": "Polygon", "coordinates": [[[-63.11038297872341, 46.25784090909091], [-63.08301063829787, 46.25784090909091], [-63.08301063829787, 46.23054545454546], [-63.11038297872341, 46.23054545454546], [-63.11038297872341, 46.25784090909091]]]}, "properties": {"value": 4.546852111816406}}, {"type": "Feature", "geometry": {"type": "Polygon", "coordinates": [[[-63.08301063829787, 46.25784090909091], [-63.05563829787234, 46.25784090909091], [-63.05563829787234, 46.23054545454546], [-63.08301063829787, 46.23054545454546], [-63.08301063829787, 46.25784090909091]]]}, "properties": {"value": 3.730531930923462}}, {"type": "Feature", "geometry": {"type": "Polygon", "coordinates": [[[-63.05563829787234, 46.25784090909091], [-63.02826595744681, 46.25784090909091], [-63.02826595744681, 46.23054545454546], [-63.05563829787234, 46.23054545454546], [-63.05563829787234, 46.25784090909091]]]}, "properties": {"value": 3.324845790863037}}, {"type": "Feature", "geometry": {"type": "Polygon", "coordinates": [[[-63.02826595744681, 46.25784090909091], [-63.000893617021276, 46.25784090909091], [-63.000893617021276, 46.23054545454546], [-63.02826595744681, 46.23054545454546], [-63.02826595744681, 46.25784090909091]]]}, "properties": {"value": 3.634626626968384}}, {"type": "Feature", "geometry": {"type": "Polygon", "coordinates": [[[-63.000893617021276, 46.25784090909091], [-62.97352127659575, 46.25784090909091], [-62.97352127659575, 46.23054545454546], [-63.000893617021276, 46.23054545454546], [-63.000893617021276, 46.25784090909091]]]}, "properties": {"value": 3.2207553386688232}}, {"type": "Feature", "geometry": {"type": "Polygon", "coordinates": [[[-62.97352127659575, 46.25784090909091], [-62.94614893617022, 46.25784090909091], [-62.94614893617022, 46.23054545454546], [-62.97352127659575, 46.23054545454546], [-62.97352127659575, 46.25784090909091]]]}, "properties": {"value": 3.113480567932129}}, {"type": "Feature", "geometry": {"type": "Polygon", "coordinates": [[[-62.94614893617022, 46.25784090909091], [-62.91877659574468, 46.25784090909091], [-62.91877659574468, 46.23054545454546], [-62.94614893617022, 46.23054545454546], [-62.94614893617022, 46.25784090909091]]]}, "properties": {"value": 2.4601657390594482}}, {"type": "Feature", "geometry": {"type": "Polygon", "coordinates": [[[-62.91877659574468, 46.25784090909091], [-62.89140425531915, 46.25784090909091], [-62.89140425531915, 46.23054545454546], [-62.91877659574468, 46.23054545454546], [-62.91877659574468, 46.25784090909091]]]}, "properties": {"value": 1.7785329818725586}}, {"type": "Feature", "geometry": {"type": "Polygon", "coordinates": [[[-62.89140425531915, 46.25784090909091], [-62.864031914893616, 46.25784090909091], [-62.864031914893616, 46.23054545454546], [-62.89140425531915, 46.23054545454546], [-62.89140425531915, 46.25784090909091]]]}, "properties": {"value": 3.0023295879364014}}, {"type": "Feature", "geometry": {"type": "Polygon", "coordinates": [[[-62.864031914893616, 46.25784090909091], [-62.83665957446809, 46.25784090909091], [-62.83665957446809, 46.23054545454546], [-62.864031914893616, 46.23054545454546], [-62.864031914893616, 46.25784090909091]]]}, "properties": {"value": 3.0023295879364014}}, {"type": "Feature", "geometry": {"type": "Polygon", "coordinates": [[[-62.83665957446809, 46.25784090909091], [-62.80928723404256, 46.25784090909091], [-62.80928723404256, 46.23054545454546], [-62.83665957446809, 46.23054545454546], [-62.83665957446809, 46.25784090909091]]]}, "properties": {"value": 2.8505287170410156}}, {"type": "Feature", "geometry": {"type": "Polygon", "coordinates": [[[-62.80928723404256, 46.25784090909091], [-62.78191489361702, 46.25784090909091], [-62.78191489361702, 46.23054545454546], [-62.80928723404256, 46.23054545454546], [-62.80928723404256, 46.25784090909091]]]}, "properties": {"value": 2.8505287170410156}}, {"type": "Feature", "geometry": {"type": "Polygon", "coordinates": [[[-62.78191489361702, 46.25784090909091], [-62.75454255319149, 46.25784090909091], [-62.75454255319149, 46.23054545454546], [-62.78191489361702, 46.23054545454546], [-62.78191489361702, 46.25784090909091]]]}, "properties": {"value": 2.858649969100952}}, {"type": "Feature", "geometry": {"type": "Polygon", "coordinates": [[[-62.75454255319149, 46.25784090909091], [-62.72717021276596, 46.25784090909091], [-62.72717021276596, 46.23054545454546], [-62.75454255319149, 46.23054545454546], [-62.75454255319149, 46.25784090909091]]]}, "properties": {"value": 2.6650335788726807}}, {"type": "Feature", "geometry": {"type": "Polygon", "coordinates": [[[-62.72717021276596, 46.25784090909091], [-62.699797872340426, 46.25784090909091], [-62.699797872340426, 46.23054545454546], [-62.72717021276596, 46.23054545454546], [-62.72717021276596, 46.25784090909091]]]}, "properties": {"value": 2.7731590270996094}}, {"type": "Feature", "geometry": {"type": "Polygon", "coordinates": [[[-62.699797872340426, 46.25784090909091], [-62.6724255319149, 46.25784090909091], [-62.6724255319149, 46.23054545454546], [-62.699797872340426, 46.23054545454546], [-62.699797872340426, 46.25784090909091]]]}, "properties": {"value": 2.830284357070923}}, {"type": "Feature", "geometry": {"type": "Polygon", "coordinates": [[[-62.6724255319149, 46.25784090909091], [-62.64505319148936, 46.25784090909091], [-62.64505319148936, 46.23054545454546], [-62.6724255319149, 46.23054545454546], [-62.6724255319149, 46.25784090909091]]]}, "properties": {"value": 3.858001947402954}}, {"type": "Feature", "geometry": {"type": "Polygon", "coordinates": [[[-62.64505319148936, 46.25784090909091], [-62.61768085106383, 46.25784090909091], [-62.61768085106383, 46.23054545454546], [-62.64505319148936, 46.23054545454546], [-62.64505319148936, 46.25784090909091]]]}, "properties": {"value": 3.367647647857666}}, {"type": "Feature", "geometry": {"type": "Polygon", "coordinates": [[[-62.61768085106383, 46.25784090909091], [-62.5903085106383, 46.25784090909091], [-62.5903085106383, 46.23054545454546], [-62.61768085106383, 46.23054545454546], [-62.61768085106383, 46.25784090909091]]]}, "properties": {"value": 4.536942005157471}}, {"type": "Feature", "geometry": {"type": "Polygon", "coordinates": [[[-62.5903085106383, 46.25784090909091], [-62.562936170212765, 46.25784090909091], [-62.562936170212765, 46.23054545454546], [-62.5903085106383, 46.23054545454546], [-62.5903085106383, 46.25784090909091]]]}, "properties": {"value": 4.744831085205078}}, {"type": "Feature", "geometry": {"type": "Polygon", "coordinates": [[[-62.562936170212765, 46.25784090909091], [-62.535563829787236, 46.25784090909091], [-62.535563829787236, 46.23054545454546], [-62.562936170212765, 46.23054545454546], [-62.562936170212765, 46.25784090909091]]]}, "properties": {"value": 4.744831085205078}}, {"type": "Feature", "geometry": {"type": "Polygon", "coordinates": [[[-62.535563829787236, 46.25784090909091], [-62.50819148936171, 46.25784090909091], [-62.50819148936171, 46.23054545454546], [-62.535563829787236, 46.23054545454546], [-62.535563829787236, 46.25784090909091]]]}, "properties": {"value": 3.891742706298828}}, {"type": "Feature", "geometry": {"type": "Polygon", "coordinates": [[[-62.50819148936171, 46.25784090909091], [-62.48081914893617, 46.25784090909091], [-62.48081914893617, 46.23054545454546], [-62.50819148936171, 46.23054545454546], [-62.50819148936171, 46.25784090909091]]]}, "properties": {"value": 2.780095100402832}}, {"type": "Feature", "geometry": {"type": "Polygon", "coordinates": [[[-62.48081914893617, 46.25784090909091], [-62.45344680851064, 46.25784090909091], [-62.45344680851064, 46.23054545454546], [-62.48081914893617, 46.23054545454546], [-62.48081914893617, 46.25784090909091]]]}, "properties": {"value": 2.6271066665649414}}, {"type": "Feature", "geometry": {"type": "Polygon", "coordinates": [[[-62.45344680851064, 46.25784090909091], [-62.426074468085105, 46.25784090909091], [-62.426074468085105, 46.23054545454546], [-62.45344680851064, 46.23054545454546], [-62.45344680851064, 46.25784090909091]]]}, "properties": {"value": 2.868772029876709}}, {"type": "Feature", "geometry": {"type": "Polygon", "coordinates": [[[-62.426074468085105, 46.25784090909091], [-62.398702127659575, 46.25784090909091], [-62.398702127659575, 46.23054545454546], [-62.426074468085105, 46.23054545454546], [-62.426074468085105, 46.25784090909091]]]}, "properties": {"value": 1.3354517221450806}}, {"type": "Feature", "geometry": {"type": "Polygon", "coordinates": [[[-62.398702127659575, 46.25784090909091], [-62.371329787234046, 46.25784090909091], [-62.371329787234046, 46.23054545454546], [-62.398702127659575, 46.23054545454546], [-62.398702127659575, 46.25784090909091]]]}, "properties": {"value": 1.3354517221450806}}, {"type": "Feature", "geometry": {"type": "Polygon", "coordinates": [[[-63.65782978723404, 46.23054545454546], [-63.630457446808514, 46.23054545454546], [-63.630457446808514, 46.203250000000004], [-63.65782978723404, 46.203250000000004], [-63.65782978723404, 46.23054545454546]]]}, "properties": {"value": 3.4421396255493164}}, {"type": "Feature", "geometry": {"type": "Polygon", "coordinates": [[[-63.630457446808514, 46.23054545454546], [-63.60308510638298, 46.23054545454546], [-63.60308510638298, 46.203250000000004], [-63.630457446808514, 46.203250000000004], [-63.630457446808514, 46.23054545454546]]]}, "properties": {"value": 3.3900864124298096}}, {"type": "Feature", "geometry": {"type": "Polygon", "coordinates": [[[-63.60308510638298, 46.23054545454546], [-63.57571276595745, 46.23054545454546], [-63.57571276595745, 46.203250000000004], [-63.60308510638298, 46.203250000000004], [-63.60308510638298, 46.23054545454546]]]}, "properties": {"value": 3.804980754852295}}, {"type": "Feature", "geometry": {"type": "Polygon", "coordinates": [[[-63.57571276595745, 46.23054545454546], [-63.54834042553192, 46.23054545454546], [-63.54834042553192, 46.203250000000004], [-63.57571276595745, 46.203250000000004], [-63.57571276595745, 46.23054545454546]]]}, "properties": {"value": 4.028448104858398}}, {"type": "Feature", "geometry": {"type": "Polygon", "coordinates": [[[-63.54834042553192, 46.23054545454546], [-63.52096808510638, 46.23054545454546], [-63.52096808510638, 46.203250000000004], [-63.54834042553192, 46.203250000000004], [-63.54834042553192, 46.23054545454546]]]}, "properties": {"value": 3.7486581802368164}}, {"type": "Feature", "geometry": {"type": "Polygon", "coordinates": [[[-63.52096808510638, 46.23054545454546], [-63.49359574468085, 46.23054545454546], [-63.49359574468085, 46.203250000000004], [-63.52096808510638, 46.203250000000004], [-63.52096808510638, 46.23054545454546]]]}, "properties": {"value": 3.7486581802368164}}, {"type": "Feature", "geometry": {"type": "Polygon", "coordinates": [[[-63.49359574468085, 46.23054545454546], [-63.466223404255324, 46.23054545454546], [-63.466223404255324, 46.203250000000004], [-63.49359574468085, 46.203250000000004], [-63.49359574468085, 46.23054545454546]]]}, "properties": {"value": 3.209491014480591}}, {"type": "Feature", "geometry": {"type": "Polygon", "coordinates": [[[-63.466223404255324, 46.23054545454546], [-63.43885106382979, 46.23054545454546], [-63.43885106382979, 46.203250000000004], [-63.466223404255324, 46.203250000000004], [-63.466223404255324, 46.23054545454546]]]}, "properties": {"value": 3.1942179203033447}}, {"type": "Feature", "geometry": {"type": "Polygon", "coordinates": [[[-63.43885106382979, 46.23054545454546], [-63.41147872340426, 46.23054545454546], [-63.41147872340426, 46.203250000000004], [-63.43885106382979, 46.203250000000004], [-63.43885106382979, 46.23054545454546]]]}, "properties": {"value": 3.1942179203033447}}, {"type": "Feature", "geometry": {"type": "Polygon", "coordinates": [[[-63.41147872340426, 46.23054545454546], [-63.38410638297872, 46.23054545454546], [-63.38410638297872, 46.203250000000004], [-63.41147872340426, 46.203250000000004], [-63.41147872340426, 46.23054545454546]]]}, "properties": {"value": 3.2798473834991455}}, {"type": "Feature", "geometry": {"type": "Polygon", "coordinates": [[[-63.38410638297872, 46.23054545454546], [-63.35673404255319, 46.23054545454546], [-63.35673404255319, 46.203250000000004], [-63.38410638297872, 46.203250000000004], [-63.38410638297872, 46.23054545454546]]]}, "properties": {"value": 2.800872325897217}}, {"type": "Feature", "geometry": {"type": "Polygon", "coordinates": [[[-63.35673404255319, 46.23054545454546], [-63.32936170212766, 46.23054545454546], [-63.32936170212766, 46.203250000000004], [-63.35673404255319, 46.203250000000004], [-63.35673404255319, 46.23054545454546]]]}, "properties": {"value": 3.053360939025879}}, {"type": "Feature", "geometry": {"type": "Polygon", "coordinates": [[[-63.32936170212766, 46.23054545454546], [-63.30198936170213, 46.23054545454546], [-63.30198936170213, 46.203250000000004], [-63.32936170212766, 46.203250000000004], [-63.32936170212766, 46.23054545454546]]]}, "properties": {"value": 3.063685417175293}}, {"type": "Feature", "geometry": {"type": "Polygon", "coordinates": [[[-63.30198936170213, 46.23054545454546], [-63.2746170212766, 46.23054545454546], [-63.2746170212766, 46.203250000000004], [-63.30198936170213, 46.203250000000004], [-63.30198936170213, 46.23054545454546]]]}, "properties": {"value": 3.589477062225342}}, {"type": "Feature", "geometry": {"type": "Polygon", "coordinates": [[[-63.2746170212766, 46.23054545454546], [-63.24724468085107, 46.23054545454546], [-63.24724468085107, 46.203250000000004], [-63.2746170212766, 46.203250000000004], [-63.2746170212766, 46.23054545454546]]]}, "properties": {"value": 3.589477062225342}}, {"type": "Feature", "geometry": {"type": "Polygon", "coordinates": [[[-63.24724468085107, 46.23054545454546], [-63.21987234042553, 46.23054545454546], [-63.21987234042553, 46.203250000000004], [-63.24724468085107, 46.203250000000004], [-63.24724468085107, 46.23054545454546]]]}, "properties": {"value": 3.8177709579467773}}, {"type": "Feature", "geometry": {"type": "Polygon", "coordinates": [[[-63.21987234042553, 46.23054545454546], [-63.1925, 46.23054545454546], [-63.1925, 46.203250000000004], [-63.21987234042553, 46.203250000000004], [-63.21987234042553, 46.23054545454546]]]}, "properties": {"value": 3.7097971439361572}}, {"type": "Feature", "geometry": {"type": "Polygon", "coordinates": [[[-63.1925, 46.23054545454546], [-63.165127659574466, 46.23054545454546], [-63.165127659574466, 46.203250000000004], [-63.1925, 46.203250000000004], [-63.1925, 46.23054545454546]]]}, "properties": {"value": 3.938748836517334}}, {"type": "Feature", "geometry": {"type": "Polygon", "coordinates": [[[-63.165127659574466, 46.23054545454546], [-63.13775531914894, 46.23054545454546], [-63.13775531914894, 46.203250000000004], [-63.165127659574466, 46.203250000000004], [-63.165127659574466, 46.23054545454546]]]}, "properties": {"value": 3.319291591644287}}, {"type": "Feature", "geometry": {"type": "Polygon", "coordinates": [[[-63.13775531914894, 46.23054545454546], [-63.11038297872341, 46.23054545454546], [-63.11038297872341, 46.203250000000004], [-63.13775531914894, 46.203250000000004], [-63.13775531914894, 46.23054545454546]]]}, "properties": {"value": 3.8392603397369385}}, {"type": "Feature", "geometry": {"type": "Polygon", "coordinates": [[[-63.11038297872341, 46.23054545454546], [-63.08301063829787, 46.23054545454546], [-63.08301063829787, 46.203250000000004], [-63.11038297872341, 46.203250000000004], [-63.11038297872341, 46.23054545454546]]]}, "properties": {"value": 3.611335515975952}}, {"type": "Feature", "geometry": {"type": "Polygon", "coordinates": [[[-63.08301063829787, 46.23054545454546], [-63.05563829787234, 46.23054545454546], [-63.05563829787234, 46.203250000000004], [-63.08301063829787, 46.203250000000004], [-63.08301063829787, 46.23054545454546]]]}, "properties": {"value": 3.1844348907470703}}, {"type": "Feature", "geometry": {"type": "Polygon", "coordinates": [[[-63.05563829787234, 46.23054545454546], [-63.02826595744681, 46.23054545454546], [-63.02826595744681, 46.203250000000004], [-63.05563829787234, 46.203250000000004], [-63.05563829787234, 46.23054545454546]]]}, "properties": {"value": 3.324845790863037}}, {"type": "Feature", "geometry": {"type": "Polygon", "coordinates": [[[-63.02826595744681, 46.23054545454546], [-63.000893617021276, 46.23054545454546], [-63.000893617021276, 46.203250000000004], [-63.02826595744681, 46.203250000000004], [-63.02826595744681, 46.23054545454546]]]}, "properties": {"value": 3.6915740966796875}}, {"type": "Feature", "geometry": {"type": "Polygon", "coordinates": [[[-63.000893617021276, 46.23054545454546], [-62.97352127659575, 46.23054545454546], [-62.97352127659575, 46.203250000000004], [-63.000893617021276, 46.203250000000004], [-63.000893617021276, 46.23054545454546]]]}, "properties": {"value": 2.952178716659546}}, {"type": "Feature", "geometry": {"type": "Polygon", "coordinates": [[[-62.97352127659575, 46.23054545454546], [-62.94614893617022, 46.23054545454546], [-62.94614893617022, 46.203250000000004], [-62.97352127659575, 46.203250000000004], [-62.97352127659575, 46.23054545454546]]]}, "properties": {"value": 2.952178716659546}}, {"type": "Feature", "geometry": {"type": "Polygon", "coordinates": [[[-62.94614893617022, 46.23054545454546], [-62.91877659574468, 46.23054545454546], [-62.91877659574468, 46.203250000000004], [-62.94614893617022, 46.203250000000004], [-62.94614893617022, 46.23054545454546]]]}, "properties": {"value": 2.154386043548584}}, {"type": "Feature", "geometry": {"type": "Polygon", "coordinates": [[[-62.91877659574468, 46.23054545454546], [-62.89140425531915, 46.23054545454546], [-62.89140425531915, 46.203250000000004], [-62.91877659574468, 46.203250000000004], [-62.91877659574468, 46.23054545454546]]]}, "properties": {"value": 2.386744499206543}}, {"type": "Feature", "geometry": {"type": "Polygon", "coordinates": [[[-62.89140425531915, 46.23054545454546], [-62.864031914893616, 46.23054545454546], [-62.864031914893616, 46.203250000000004], [-62.89140425531915, 46.203250000000004], [-62.89140425531915, 46.23054545454546]]]}, "properties": {"value": 2.684849262237549}}, {"type": "Feature", "geometry": {"type": "Polygon", "coordinates": [[[-62.864031914893616, 46.23054545454546], [-62.83665957446809, 46.23054545454546], [-62.83665957446809, 46.203250000000004], [-62.864031914893616, 46.203250000000004], [-62.864031914893616, 46.23054545454546]]]}, "properties": {"value": 2.7027506828308105}}, {"type": "Feature", "geometry": {"type": "Polygon", "coordinates": [[[-62.83665957446809, 46.23054545454546], [-62.80928723404256, 46.23054545454546], [-62.80928723404256, 46.203250000000004], [-62.83665957446809, 46.203250000000004], [-62.83665957446809, 46.23054545454546]]]}, "properties": {"value": 2.5882797241210938}}, {"type": "Feature", "geometry": {"type": "Polygon", "coordinates": [[[-62.80928723404256, 46.23054545454546], [-62.78191489361702, 46.23054545454546], [-62.78191489361702, 46.203250000000004], [-62.80928723404256, 46.203250000000004], [-62.80928723404256, 46.23054545454546]]]}, "properties": {"value": 2.5882797241210938}}, {"type": "Feature", "geometry": {"type": "Polygon", "coordinates": [[[-62.78191489361702, 46.23054545454546], [-62.75454255319149, 46.23054545454546], [-62.75454255319149, 46.203250000000004], [-62.78191489361702, 46.203250000000004], [-62.78191489361702, 46.23054545454546]]]}, "properties": {"value": 2.9128029346466064}}, {"type": "Feature", "geometry": {"type": "Polygon", "coordinates": [[[-62.75454255319149, 46.23054545454546], [-62.72717021276596, 46.23054545454546], [-62.72717021276596, 46.203250000000004], [-62.75454255319149, 46.203250000000004], [-62.75454255319149, 46.23054545454546]]]}, "properties": {"value": 2.654305934906006}}, {"type": "Feature", "geometry": {"type": "Polygon", "coordinates": [[[-62.72717021276596, 46.23054545454546], [-62.699797872340426, 46.23054545454546], [-62.699797872340426, 46.203250000000004], [-62.72717021276596, 46.203250000000004], [-62.72717021276596, 46.23054545454546]]]}, "properties": {"value": 2.871018648147583}}, {"type": "Feature", "geometry": {"type": "Polygon", "coordinates": [[[-62.699797872340426, 46.23054545454546], [-62.6724255319149, 46.23054545454546], [-62.6724255319149, 46.203250000000004], [-62.699797872340426, 46.203250000000004], [-62.699797872340426, 46.23054545454546]]]}, "properties": {"value": 3.4184305667877197}}, {"type": "Feature", "geometry": {"type": "Polygon", "coordinates": [[[-62.6724255319149, 46.23054545454546], [-62.64505319148936, 46.23054545454546], [-62.64505319148936, 46.203250000000004], [-62.6724255319149, 46.203250000000004], [-62.6724255319149, 46.23054545454546]]]}, "properties": {"value": 3.990906238555908}}, {"type": "Feature", "geometry": {"type": "Polygon", "coordinates": [[[-62.64505319148936, 46.23054545454546], [-62.61768085106383, 46.23054545454546], [-62.61768085106383, 46.203250000000004], [-62.64505319148936, 46.203250000000004], [-62.64505319148936, 46.23054545454546]]]}, "properties": {"value": 4.605466842651367}}, {"type": "Feature", "geometry": {"type": "Polygon", "coordinates": [[[-62.61768085106383, 46.23054545454546], [-62.5903085106383, 46.23054545454546], [-62.5903085106383, 46.203250000000004], [-62.61768085106383, 46.203250000000004], [-62.61768085106383, 46.23054545454546]]]}, "properties": {"value": 4.165278434753418}}, {"type": "Feature", "geometry": {"type": "Polygon", "coordinates": [[[-62.5903085106383, 46.23054545454546], [-62.562936170212765, 46.23054545454546], [-62.562936170212765, 46.203250000000004], [-62.5903085106383, 46.203250000000004], [-62.5903085106383, 46.23054545454546]]]}, "properties": {"value": 4.858712673187256}}, {"type": "Feature", "geometry": {"type": "Polygon", "coordinates": [[[-62.562936170212765, 46.23054545454546], [-62.535563829787236, 46.23054545454546], [-62.535563829787236, 46.203250000000004], [-62.562936170212765, 46.203250000000004], [-62.562936170212765, 46.23054545454546]]]}, "properties": {"value": 4.7600884437561035}}, {"type": "Feature", "geometry": {"type": "Polygon", "coordinates": [[[-62.535563829787236, 46.23054545454546], [-62.50819148936171, 46.23054545454546], [-62.50819148936171, 46.203250000000004], [-62.535563829787236, 46.203250000000004], [-62.535563829787236, 46.23054545454546]]]}, "properties": {"value": 4.296472549438477}}, {"type": "Feature", "geometry": {"type": "Polygon", "coordinates": [[[-62.50819148936171, 46.23054545454546], [-62.48081914893617, 46.23054545454546], [-62.48081914893617, 46.203250000000004], [-62.50819148936171, 46.203250000000004], [-62.50819148936171, 46.23054545454546]]]}, "properties": {"value": 4.296472549438477}}, {"type": "Feature", "geometry": {"type": "Polygon", "coordinates": [[[-62.48081914893617, 46.23054545454546], [-62.45344680851064, 46.23054545454546], [-62.45344680851064, 46.203250000000004], [-62.48081914893617, 46.203250000000004], [-62.48081914893617, 46.23054545454546]]]}, "properties": {"value": 3.8763952255249023}}, {"type": "Feature", "geometry": {"type": "Polygon", "coordinates": [[[-62.45344680851064, 46.23054545454546], [-62.426074468085105, 46.23054545454546], [-62.426074468085105, 46.203250000000004], [-62.45344680851064, 46.203250000000004], [-62.45344680851064, 46.23054545454546]]]}, "properties": {"value": 2.4319427013397217}}, {"type": "Feature", "geometry": {"type": "Polygon", "coordinates": [[[-62.426074468085105, 46.23054545454546], [-62.398702127659575, 46.23054545454546], [-62.398702127659575, 46.203250000000004], [-62.426074468085105, 46.203250000000004], [-62.426074468085105, 46.23054545454546]]]}, "properties": {"value": 1.5173203945159912}}, {"type": "Feature", "geometry": {"type": "Polygon", "coordinates": [[[-63.49359574468085, 46.203250000000004], [-63.466223404255324, 46.203250000000004], [-63.466223404255324, 46.175954545454545], [-63.49359574468085, 46.175954545454545], [-63.49359574468085, 46.203250000000004]]]}, "properties": {"value": 2.4249348640441895}}, {"type": "Feature", "geometry": {"type": "Polygon", "coordinates": [[[-63.466223404255324, 46.203250000000004], [-63.43885106382979, 46.203250000000004], [-63.43885106382979, 46.175954545454545], [-63.466223404255324, 46.175954545454545], [-63.466223404255324, 46.203250000000004]]]}, "properties": {"value": 2.6976704597473145}}, {"type": "Feature", "geometry": {"type": "Polygon", "coordinates": [[[-63.43885106382979, 46.203250000000004], [-63.41147872340426, 46.203250000000004], [-63.41147872340426, 46.175954545454545], [-63.43885106382979, 46.175954545454545], [-63.43885106382979, 46.203250000000004]]]}, "properties": {"value": 2.775162935256958}}, {"type": "Feature", "geometry": {"type": "Polygon", "coordinates": [[[-63.41147872340426, 46.203250000000004], [-63.38410638297872, 46.203250000000004], [-63.38410638297872, 46.175954545454545], [-63.41147872340426, 46.175954545454545], [-63.41147872340426, 46.203250000000004]]]}, "properties": {"value": 2.8078243732452393}}, {"type": "Feature", "geometry": {"type": "Polygon", "coordinates": [[[-63.38410638297872, 46.203250000000004], [-63.35673404255319, 46.203250000000004], [-63.35673404255319, 46.175954545454545], [-63.38410638297872, 46.175954545454545], [-63.38410638297872, 46.203250000000004]]]}, "properties": {"value": 2.8078243732452393}}, {"type": "Feature", "geometry": {"type": "Polygon", "coordinates": [[[-63.35673404255319, 46.203250000000004], [-63.32936170212766, 46.203250000000004], [-63.32936170212766, 46.175954545454545], [-63.35673404255319, 46.175954545454545], [-63.35673404255319, 46.203250000000004]]]}, "properties": {"value": 2.8642053604125977}}, {"type": "Feature", "geometry": {"type": "Polygon", "coordinates": [[[-63.32936170212766, 46.203250000000004], [-63.30198936170213, 46.203250000000004], [-63.30198936170213, 46.175954545454545], [-63.32936170212766, 46.175954545454545], [-63.32936170212766, 46.203250000000004]]]}, "properties": {"value": 2.6071054935455322}}, {"type": "Feature", "geometry": {"type": "Polygon", "coordinates": [[[-63.30198936170213, 46.203250000000004], [-63.2746170212766, 46.203250000000004], [-63.2746170212766, 46.175954545454545], [-63.30198936170213, 46.175954545454545], [-63.30198936170213, 46.203250000000004]]]}, "properties": {"value": 3.299123764038086}}, {"type": "Feature", "geometry": {"type": "Polygon", "coordinates": [[[-63.2746170212766, 46.203250000000004], [-63.24724468085107, 46.203250000000004], [-63.24724468085107, 46.175954545454545], [-63.2746170212766, 46.175954545454545], [-63.2746170212766, 46.203250000000004]]]}, "properties": {"value": 3.3660550117492676}}, {"type": "Feature", "geometry": {"type": "Polygon", "coordinates": [[[-63.24724468085107, 46.203250000000004], [-63.21987234042553, 46.203250000000004], [-63.21987234042553, 46.175954545454545], [-63.24724468085107, 46.175954545454545], [-63.24724468085107, 46.203250000000004]]]}, "properties": {"value": 3.522688150405884}}, {"type": "Feature", "geometry": {"type": "Polygon", "coordinates": [[[-63.21987234042553, 46.203250000000004], [-63.1925, 46.203250000000004], [-63.1925, 46.175954545454545], [-63.21987234042553, 46.175954545454545], [-63.21987234042553, 46.203250000000004]]]}, "properties": {"value": 3.522688150405884}}, {"type": "Feature", "geometry": {"type": "Polygon", "coordinates": [[[-63.1925, 46.203250000000004], [-63.165127659574466, 46.203250000000004], [-63.165127659574466, 46.175954545454545], [-63.1925, 46.175954545454545], [-63.1925, 46.203250000000004]]]}, "properties": {"value": 4.190531253814697}}, {"type": "Feature", "geometry": {"type": "Polygon", "coordinates": [[[-63.165127659574466, 46.203250000000004], [-63.13775531914894, 46.203250000000004], [-63.13775531914894, 46.175954545454545], [-63.165127659574466, 46.175954545454545], [-63.165127659574466, 46.203250000000004]]]}, "properties": {"value": 3.3253114223480225}}, {"type": "Feature", "geometry": {"type": "Polygon", "coordinates": [[[-63.13775531914894, 46.203250000000004], [-63.11038297872341, 46.203250000000004], [-63.11038297872341, 46.175954545454545], [-63.13775531914894, 46.175954545454545], [-63.13775531914894, 46.203250000000004]]]}, "properties": {"value": 3.3139920234680176}}, {"type": "Feature", "geometry": {"type": "Polygon", "coordinates": [[[-63.11038297872341, 46.203250000000004], [-63.08301063829787, 46.203250000000004], [-63.08301063829787, 46.175954545454545], [-63.11038297872341, 46.175954545454545], [-63.11038297872341, 46.203250000000004]]]}, "properties": {"value": 3.258244276046753}}, {"type": "Feature", "geometry": {"type": "Polygon", "coordinates": [[[-63.08301063829787, 46.203250000000004], [-63.05563829787234, 46.203250000000004], [-63.05563829787234, 46.175954545454545], [-63.08301063829787, 46.175954545454545], [-63.08301063829787, 46.203250000000004]]]}, "properties": {"value": 2.7644646167755127}}, {"type": "Feature", "geometry": {"type": "Polygon", "coordinates": [[[-63.05563829787234, 46.203250000000004], [-63.02826595744681, 46.203250000000004], [-63.02826595744681, 46.175954545454545], [-63.05563829787234, 46.175954545454545], [-63.05563829787234, 46.203250000000004]]]}, "properties": {"value": 3.655857563018799}}, {"type": "Feature", "geometry": {"type": "Polygon", "coordinates": [[[-63.02826595744681, 46.203250000000004], [-63.000893617021276, 46.203250000000004], [-63.000893617021276, 46.175954545454545], [-63.02826595744681, 46.175954545454545], [-63.02826595744681, 46.203250000000004]]]}, "properties": {"value": 3.13747239112854}}, {"type": "Feature", "geometry": {"type": "Polygon", "coordinates": [[[-63.000893617021276, 46.203250000000004], [-62.97352127659575, 46.203250000000004], [-62.97352127659575, 46.175954545454545], [-63.000893617021276, 46.175954545454545], [-63.000893617021276, 46.203250000000004]]]}, "properties": {"value": 2.690669059753418}}, {"type": "Feature", "geometry": {"type": "Polygon", "coordinates": [[[-62.97352127659575, 46.203250000000004], [-62.94614893617022, 46.203250000000004], [-62.94614893617022, 46.175954545454545], [-62.97352127659575, 46.175954545454545], [-62.97352127659575, 46.203250000000004]]]}, "properties": {"value": 2.690669059753418}}, {"type": "Feature", "geometry": {"type": "Polygon", "coordinates": [[[-62.94614893617022, 46.203250000000004], [-62.91877659574468, 46.203250000000004], [-62.91877659574468, 46.175954545454545], [-62.94614893617022, 46.175954545454545], [-62.94614893617022, 46.203250000000004]]]}, "properties": {"value": 2.733454942703247}}, {"type": "Feature", "geometry": {"type": "Polygon", "coordinates": [[[-62.91877659574468, 46.203250000000004], [-62.89140425531915, 46.203250000000004], [-62.89140425531915, 46.175954545454545], [-62.91877659574468, 46.175954545454545], [-62.91877659574468, 46.203250000000004]]]}, "properties": {"value": 2.733454942703247}}, {"type": "Feature", "geometry": {"type": "Polygon", "coordinates": [[[-62.89140425531915, 46.203250000000004], [-62.864031914893616, 46.203250000000004], [-62.864031914893616, 46.175954545454545], [-62.89140425531915, 46.175954545454545], [-62.89140425531915, 46.203250000000004]]]}, "properties": {"value": 2.843581438064575}}, {"type": "Feature", "geometry": {"type": "Polygon", "coordinates": [[[-62.864031914893616, 46.203250000000004], [-62.83665957446809, 46.203250000000004], [-62.83665957446809, 46.175954545454545], [-62.864031914893616, 46.175954545454545], [-62.864031914893616, 46.203250000000004]]]}, "properties": {"value": 2.4469709396362305}}, {"type": "Feature", "geometry": {"type": "Polygon", "coordinates": [[[-62.83665957446809, 46.203250000000004], [-62.80928723404256, 46.203250000000004], [-62.80928723404256, 46.175954545454545], [-62.83665957446809, 46.175954545454545], [-62.83665957446809, 46.203250000000004]]]}, "properties": {"value": 2.47076416015625}}, {"type": "Feature", "geometry": {"type": "Polygon", "coordinates": [[[-62.80928723404256, 46.203250000000004], [-62.78191489361702, 46.203250000000004], [-62.78191489361702, 46.175954545454545], [-62.80928723404256, 46.175954545454545], [-62.80928723404256, 46.203250000000004]]]}, "properties": {"value": 2.6906208992004395}}, {"type": "Feature", "geometry": {"type": "Polygon", "coordinates": [[[-62.78191489361702, 46.203250000000004], [-62.75454255319149, 46.203250000000004], [-62.75454255319149, 46.175954545454545], [-62.78191489361702, 46.175954545454545], [-62.78191489361702, 46.203250000000004]]]}, "properties": {"value": 2.3927359580993652}}, {"type": "Feature", "geometry": {"type": "Polygon", "coordinates": [[[-62.75454255319149, 46.203250000000004], [-62.72717021276596, 46.203250000000004], [-62.72717021276596, 46.175954545454545], [-62.75454255319149, 46.175954545454545], [-62.75454255319149, 46.203250000000004]]]}, "properties": {"value": 2.654305934906006}}, {"type": "Feature", "geometry": {"type": "Polygon", "coordinates": [[[-62.72717021276596, 46.203250000000004], [-62.699797872340426, 46.203250000000004], [-62.699797872340426, 46.175954545454545], [-62.72717021276596, 46.175954545454545], [-62.72717021276596, 46.203250000000004]]]}, "properties": {"value": 2.26776385307312}}, {"type": "Feature", "geometry": {"type": "Polygon", "coordinates": [[[-62.699797872340426, 46.203250000000004], [-62.6724255319149, 46.203250000000004], [-62.6724255319149, 46.175954545454545], [-62.699797872340426, 46.175954545454545], [-62.699797872340426, 46.203250000000004]]]}, "properties": {"value": 2.389298439025879}}, {"type": "Feature", "geometry": {"type": "Polygon", "coordinates": [[[-62.6724255319149, 46.203250000000004], [-62.64505319148936, 46.203250000000004], [-62.64505319148936, 46.175954545454545], [-62.6724255319149, 46.175954545454545], [-62.6724255319149, 46.203250000000004]]]}, "properties": {"value": 2.389298439025879}}, {"type": "Feature", "geometry": {"type": "Polygon", "coordinates": [[[-62.64505319148936, 46.203250000000004], [-62.61768085106383, 46.203250000000004], [-62.61768085106383, 46.175954545454545], [-62.64505319148936, 46.175954545454545], [-62.64505319148936, 46.203250000000004]]]}, "properties": {"value": 3.434309720993042}}, {"type": "Feature", "geometry": {"type": "Polygon", "coordinates": [[[-62.61768085106383, 46.203250000000004], [-62.5903085106383, 46.203250000000004], [-62.5903085106383, 46.175954545454545], [-62.61768085106383, 46.175954545454545], [-62.61768085106383, 46.203250000000004]]]}, "properties": {"value": 4.146305084228516}}, {"type": "Feature", "geometry": {"type": "Polygon", "coordinates": [[[-62.5903085106383, 46.203250000000004], [-62.562936170212765, 46.203250000000004], [-62.562936170212765, 46.175954545454545], [-62.5903085106383, 46.175954545454545], [-62.5903085106383, 46.203250000000004]]]}, "properties": {"value": 4.710526466369629}}, {"type": "Feature", "geometry": {"type": "Polygon", "coordinates": [[[-62.562936170212765, 46.203250000000004], [-62.535563829787236, 46.203250000000004], [-62.535563829787236, 46.175954545454545], [-62.562936170212765, 46.175954545454545], [-62.562936170212765, 46.203250000000004]]]}, "properties": {"value": 4.059693336486816}}, {"type": "Feature", "geometry": {"type": "Polygon", "coordinates": [[[-62.535563829787236, 46.203250000000004], [-62.50819148936171, 46.203250000000004], [-62.50819148936171, 46.175954545454545], [-62.535563829787236, 46.175954545454545], [-62.535563829787236, 46.203250000000004]]]}, "properties": {"value": 2.9978158473968506}}, {"type": "Feature", "geometry": {"type": "Polygon", "coordinates": [[[-62.50819148936171, 46.203250000000004], [-62.48081914893617, 46.203250000000004], [-62.48081914893617, 46.175954545454545], [-62.50819148936171, 46.175954545454545], [-62.50819148936171, 46.203250000000004]]]}, "properties": {"value": 2.9978158473968506}}, {"type": "Feature", "geometry": {"type": "Polygon", "coordinates": [[[-62.45344680851064, 46.203250000000004], [-62.426074468085105, 46.203250000000004], [-62.426074468085105, 46.175954545454545], [-62.45344680851064, 46.175954545454545], [-62.45344680851064, 46.203250000000004]]]}, "properties": {"value": 2.3988683223724365}}, {"type": "Feature", "geometry": {"type": "Polygon", "coordinates": [[[-62.426074468085105, 46.203250000000004], [-62.398702127659575, 46.203250000000004], [-62.398702127659575, 46.175954545454545], [-62.426074468085105, 46.175954545454545], [-62.426074468085105, 46.203250000000004]]]}, "properties": {"value": 2.2638063430786133}}, {"type": "Feature", "geometry": {"type": "Polygon", "coordinates": [[[-62.398702127659575, 46.203250000000004], [-62.371329787234046, 46.203250000000004], [-62.371329787234046, 46.175954545454545], [-62.398702127659575, 46.175954545454545], [-62.398702127659575, 46.203250000000004]]]}, "properties": {"value": 1.7954703569412231}}, {"type": "Feature", "geometry": {"type": "Polygon", "coordinates": [[[-63.43885106382979, 46.175954545454545], [-63.41147872340426, 46.175954545454545], [-63.41147872340426, 46.14865909090909], [-63.43885106382979, 46.14865909090909], [-63.43885106382979, 46.175954545454545]]]}, "properties": {"value": 1.2607405185699463}}, {"type": "Feature", "geometry": {"type": "Polygon", "coordinates": [[[-63.41147872340426, 46.175954545454545], [-63.38410638297872, 46.175954545454545], [-63.38410638297872, 46.14865909090909], [-63.41147872340426, 46.14865909090909], [-63.41147872340426, 46.175954545454545]]]}, "properties": {"value": 2.801239252090454}}, {"type": "Feature", "geometry": {"type": "Polygon", "coordinates": [[[-63.38410638297872, 46.175954545454545], [-63.35673404255319, 46.175954545454545], [-63.35673404255319, 46.14865909090909], [-63.38410638297872, 46.14865909090909], [-63.38410638297872, 46.175954545454545]]]}, "properties": {"value": 1.66097891330719}}, {"type": "Feature", "geometry": {"type": "Polygon", "coordinates": [[[-63.35673404255319, 46.175954545454545], [-63.32936170212766, 46.175954545454545], [-63.32936170212766, 46.14865909090909], [-63.35673404255319, 46.14865909090909], [-63.35673404255319, 46.175954545454545]]]}, "properties": {"value": 2.0000696182250977}}, {"type": "Feature", "geometry": {"type": "Polygon", "coordinates": [[[-63.32936170212766, 46.175954545454545], [-63.30198936170213, 46.175954545454545], [-63.30198936170213, 46.14865909090909], [-63.32936170212766, 46.14865909090909], [-63.32936170212766, 46.175954545454545]]]}, "properties": {"value": 2.0000696182250977}}, {"type": "Feature", "geometry": {"type": "Polygon", "coordinates": [[[-63.30198936170213, 46.175954545454545], [-63.2746170212766, 46.175954545454545], [-63.2746170212766, 46.14865909090909], [-63.30198936170213, 46.14865909090909], [-63.30198936170213, 46.175954545454545]]]}, "properties": {"value": 1.9783700704574585}}, {"type": "Feature", "geometry": {"type": "Polygon", "coordinates": [[[-63.2746170212766, 46.175954545454545], [-63.24724468085107, 46.175954545454545], [-63.24724468085107, 46.14865909090909], [-63.2746170212766, 46.14865909090909], [-63.2746170212766, 46.175954545454545]]]}, "properties": {"value": 2.878797769546509}}, {"type": "Feature", "geometry": {"type": "Polygon", "coordinates": [[[-63.24724468085107, 46.175954545454545], [-63.21987234042553, 46.175954545454545], [-63.21987234042553, 46.14865909090909], [-63.24724468085107, 46.14865909090909], [-63.24724468085107, 46.175954545454545]]]}, "properties": {"value": 3.138451099395752}}, {"type": "Feature", "geometry": {"type": "Polygon", "coordinates": [[[-63.21987234042553, 46.175954545454545], [-63.1925, 46.175954545454545], [-63.1925, 46.14865909090909], [-63.21987234042553, 46.14865909090909], [-63.21987234042553, 46.175954545454545]]]}, "properties": {"value": 3.324416160583496}}, {"type": "Feature", "geometry": {"type": "Polygon", "coordinates": [[[-63.1925, 46.175954545454545], [-63.165127659574466, 46.175954545454545], [-63.165127659574466, 46.14865909090909], [-63.1925, 46.14865909090909], [-63.1925, 46.175954545454545]]]}, "properties": {"value": 2.846552610397339}}, {"type": "Feature", "geometry": {"type": "Polygon", "coordinates": [[[-63.165127659574466, 46.175954545454545], [-63.13775531914894, 46.175954545454545], [-63.13775531914894, 46.14865909090909], [-63.165127659574466, 46.14865909090909], [-63.165127659574466, 46.175954545454545]]]}, "properties": {"value": 2.846552610397339}}, {"type": "Feature", "geometry": {"type": "Polygon", "coordinates": [[[-63.02826595744681, 46.175954545454545], [-63.000893617021276, 46.175954545454545], [-63.000893617021276, 46.14865909090909], [-63.02826595744681, 46.14865909090909], [-63.02826595744681, 46.175954545454545]]]}, "properties": {"value": 2.38971209526062}}, {"type": "Feature", "geometry": {"type": "Polygon", "coordinates": [[[-63.000893617021276, 46.175954545454545], [-62.97352127659575, 46.175954545454545], [-62.97352127659575, 46.14865909090909], [-63.000893617021276, 46.14865909090909], [-63.000893617021276, 46.175954545454545]]]}, "properties": {"value": 2.2447452545166016}}, {"type": "Feature", "geometry": {"type": "Polygon", "coordinates": [[[-62.97352127659575, 46.175954545454545], [-62.94614893617022, 46.175954545454545], [-62.94614893617022, 46.14865909090909], [-62.97352127659575, 46.14865909090909], [-62.97352127659575, 46.175954545454545]]]}, "properties": {"value": 2.2869598865509033}}, {"type": "Feature", "geometry": {"type": "Polygon", "coordinates": [[[-62.94614893617022, 46.175954545454545], [-62.91877659574468, 46.175954545454545], [-62.91877659574468, 46.14865909090909], [-62.94614893617022, 46.14865909090909], [-62.94614893617022, 46.175954545454545]]]}, "properties": {"value": 3.1240880489349365}}, {"type": "Feature", "geometry": {"type": "Polygon", "coordinates": [[[-62.91877659574468, 46.175954545454545], [-62.89140425531915, 46.175954545454545], [-62.89140425531915, 46.14865909090909], [-62.91877659574468, 46.14865909090909], [-62.91877659574468, 46.175954545454545]]]}, "properties": {"value": 3.1240880489349365}}, {"type": "Feature", "geometry": {"type": "Polygon", "coordinates": [[[-62.89140425531915, 46.175954545454545], [-62.864031914893616, 46.175954545454545], [-62.864031914893616, 46.14865909090909], [-62.89140425531915, 46.14865909090909], [-62.89140425531915, 46.175954545454545]]]}, "properties": {"value": 2.5856568813323975}}, {"type": "Feature", "geometry": {"type": "Polygon", "coordinates": [[[-62.864031914893616, 46.175954545454545], [-62.83665957446809, 46.175954545454545], [-62.83665957446809, 46.14865909090909], [-62.864031914893616, 46.14865909090909], [-62.864031914893616, 46.175954545454545]]]}, "properties": {"value": 2.4000024795532227}}, {"type": "Feature", "geometry": {"type": "Polygon", "coordinates": [[[-62.83665957446809, 46.175954545454545], [-62.80928723404256, 46.175954545454545], [-62.80928723404256, 46.14865909090909], [-62.83665957446809, 46.14865909090909], [-62.83665957446809, 46.175954545454545]]]}, "properties": {"value": 2.3131890296936035}}, {"type": "Feature", "geometry": {"type": "Polygon", "coordinates": [[[-62.80928723404256, 46.175954545454545], [-62.78191489361702, 46.175954545454545], [-62.78191489361702, 46.14865909090909], [-62.80928723404256, 46.14865909090909], [-62.80928723404256, 46.175954545454545]]]}, "properties": {"value": 1.9089767932891846}}, {"type": "Feature", "geometry": {"type": "Polygon", "coordinates": [[[-62.78191489361702, 46.175954545454545], [-62.75454255319149, 46.175954545454545], [-62.75454255319149, 46.14865909090909], [-62.78191489361702, 46.14865909090909], [-62.78191489361702, 46.175954545454545]]]}, "properties": {"value": 1.9089767932891846}}, {"type": "Feature", "geometry": {"type": "Polygon", "coordinates": [[[-62.75454255319149, 46.175954545454545], [-62.72717021276596, 46.175954545454545], [-62.72717021276596, 46.14865909090909], [-62.75454255319149, 46.14865909090909], [-62.75454255319149, 46.175954545454545]]]}, "properties": {"value": 2.184936285018921}}, {"type": "Feature", "geometry": {"type": "Polygon", "coordinates": [[[-62.72717021276596, 46.175954545454545], [-62.699797872340426, 46.175954545454545], [-62.699797872340426, 46.14865909090909], [-62.72717021276596, 46.14865909090909], [-62.72717021276596, 46.175954545454545]]]}, "properties": {"value": 2.3933002948760986}}, {"type": "Feature", "geometry": {"type": "Polygon", "coordinates": [[[-62.699797872340426, 46.175954545454545], [-62.6724255319149, 46.175954545454545], [-62.6724255319149, 46.14865909090909], [-62.699797872340426, 46.14865909090909], [-62.699797872340426, 46.175954545454545]]]}, "properties": {"value": 2.1755526065826416}}, {"type": "Feature", "geometry": {"type": "Polygon", "coordinates": [[[-62.6724255319149, 46.175954545454545], [-62.64505319148936, 46.175954545454545], [-62.64505319148936, 46.14865909090909], [-62.6724255319149, 46.14865909090909], [-62.6724255319149, 46.175954545454545]]]}, "properties": {"value": 2.6331465244293213}}, {"type": "Feature", "geometry": {"type": "Polygon", "coordinates": [[[-62.64505319148936, 46.175954545454545], [-62.61768085106383, 46.175954545454545], [-62.61768085106383, 46.14865909090909], [-62.64505319148936, 46.14865909090909], [-62.64505319148936, 46.175954545454545]]]}, "properties": {"value": 2.6747145652770996}}, {"type": "Feature", "geometry": {"type": "Polygon", "coordinates": [[[-62.61768085106383, 46.175954545454545], [-62.5903085106383, 46.175954545454545], [-62.5903085106383, 46.14865909090909], [-62.61768085106383, 46.14865909090909], [-62.61768085106383, 46.175954545454545]]]}, "properties": {"value": 2.6747145652770996}}, {"type": "Feature", "geometry": {"type": "Polygon", "coordinates": [[[-62.5903085106383, 46.175954545454545], [-62.562936170212765, 46.175954545454545], [-62.562936170212765, 46.14865909090909], [-62.5903085106383, 46.14865909090909], [-62.5903085106383, 46.175954545454545]]]}, "properties": {"value": 4.33247709274292}}, {"type": "Feature", "geometry": {"type": "Polygon", "coordinates": [[[-62.562936170212765, 46.175954545454545], [-62.535563829787236, 46.175954545454545], [-62.535563829787236, 46.14865909090909], [-62.562936170212765, 46.14865909090909], [-62.562936170212765, 46.175954545454545]]]}, "properties": {"value": 3.5015907287597656}}, {"type": "Feature", "geometry": {"type": "Polygon", "coordinates": [[[-62.535563829787236, 46.175954545454545], [-62.50819148936171, 46.175954545454545], [-62.50819148936171, 46.14865909090909], [-62.535563829787236, 46.14865909090909], [-62.535563829787236, 46.175954545454545]]]}, "properties": {"value": 3.1681580543518066}}, {"type": "Feature", "geometry": {"type": "Polygon", "coordinates": [[[-62.50819148936171, 46.175954545454545], [-62.48081914893617, 46.175954545454545], [-62.48081914893617, 46.14865909090909], [-62.50819148936171, 46.14865909090909], [-62.50819148936171, 46.175954545454545]]]}, "properties": {"value": 2.548907995223999}}, {"type": "Feature", "geometry": {"type": "Polygon", "coordinates": [[[-62.48081914893617, 46.175954545454545], [-62.45344680851064, 46.175954545454545], [-62.45344680851064, 46.14865909090909], [-62.48081914893617, 46.14865909090909], [-62.48081914893617, 46.175954545454545]]]}, "properties": {"value": 2.506899356842041}}, {"type": "Feature", "geometry": {"type": "Polygon", "coordinates": [[[-63.32936170212766, 46.14865909090909], [-63.30198936170213, 46.14865909090909], [-63.30198936170213, 46.12136363636364], [-63.32936170212766, 46.12136363636364], [-63.32936170212766, 46.14865909090909]]]}, "properties": {"value": 1.9126571416854858}}, {"type": "Feature", "geometry": {"type": "Polygon", "coordinates": [[[-63.30198936170213, 46.14865909090909], [-63.2746170212766, 46.14865909090909], [-63.2746170212766, 46.12136363636364], [-63.30198936170213, 46.12136363636364], [-63.30198936170213, 46.14865909090909]]]}, "properties": {"value": 2.252058744430542}}, {"type": "Feature", "geometry": {"type": "Polygon", "coordinates": [[[-63.2746170212766, 46.14865909090909], [-63.24724468085107, 46.14865909090909], [-63.24724468085107, 46.12136363636364], [-63.2746170212766, 46.12136363636364], [-63.2746170212766, 46.14865909090909]]]}, "properties": {"value": 2.053887367248535}}, {"type": "Feature", "geometry": {"type": "Polygon", "coordinates": [[[-63.24724468085107, 46.14865909090909], [-63.21987234042553, 46.14865909090909], [-63.21987234042553, 46.12136363636364], [-63.24724468085107, 46.12136363636364], [-63.24724468085107, 46.14865909090909]]]}, "properties": {"value": 3.139599084854126}}, {"type": "Feature", "geometry": {"type": "Polygon", "coordinates": [[[-63.21987234042553, 46.14865909090909], [-63.1925, 46.14865909090909], [-63.1925, 46.12136363636364], [-63.21987234042553, 46.12136363636364], [-63.21987234042553, 46.14865909090909]]]}, "properties": {"value": 2.0797274112701416}}, {"type": "Feature", "geometry": {"type": "Polygon", "coordinates": [[[-63.1925, 46.14865909090909], [-63.165127659574466, 46.14865909090909], [-63.165127659574466, 46.12136363636364], [-63.1925, 46.12136363636364], [-63.1925, 46.14865909090909]]]}, "properties": {"value": 2.4076595306396484}}, {"type": "Feature", "geometry": {"type": "Polygon", "coordinates": [[[-63.08301063829787, 46.14865909090909], [-63.05563829787234, 46.14865909090909], [-63.05563829787234, 46.12136363636364], [-63.08301063829787, 46.12136363636364], [-63.08301063829787, 46.14865909090909]]]}, "properties": {"value": 2.6190671920776367}}, {"type": "Feature", "geometry": {"type": "Polygon", "coordinates": [[[-63.05563829787234, 46.14865909090909], [-63.02826595744681, 46.14865909090909], [-63.02826595744681, 46.12136363636364], [-63.05563829787234, 46.12136363636364], [-63.05563829787234, 46.14865909090909]]]}, "properties": {"value": 2.455106735229492}}, {"type": "Feature", "geometry": {"type": "Polygon", "coordinates": [[[-62.97352127659575, 46.14865909090909], [-62.94614893617022, 46.14865909090909], [-62.94614893617022, 46.12136363636364], [-62.97352127659575, 46.12136363636364], [-62.97352127659575, 46.14865909090909]]]}, "properties": {"value": 2.2403812408447266}}, {"type": "Feature", "geometry": {"type": "Polygon", "coordinates": [[[-62.94614893617022, 46.14865909090909], [-62.91877659574468, 46.14865909090909], [-62.91877659574468, 46.12136363636364], [-62.94614893617022, 46.12136363636364], [-62.94614893617022, 46.14865909090909]]]}, "properties": {"value": 2.9288766384124756}}, {"type": "Feature", "geometry": {"type": "Polygon", "coordinates": [[[-62.91877659574468, 46.14865909090909], [-62.89140425531915, 46.14865909090909], [-62.89140425531915, 46.12136363636364], [-62.91877659574468, 46.12136363636364], [-62.91877659574468, 46.14865909090909]]]}, "properties": {"value": 1.9881759881973267}}, {"type": "Feature", "geometry": {"type": "Polygon", "coordinates": [[[-62.89140425531915, 46.14865909090909], [-62.864031914893616, 46.14865909090909], [-62.864031914893616, 46.12136363636364], [-62.89140425531915, 46.12136363636364], [-62.89140425531915, 46.14865909090909]]]}, "properties": {"value": 2.6276111602783203}}, {"type": "Feature", "geometry": {"type": "Polygon", "coordinates": [[[-62.864031914893616, 46.14865909090909], [-62.83665957446809, 46.14865909090909], [-62.83665957446809, 46.12136363636364], [-62.864031914893616, 46.12136363636364], [-62.864031914893616, 46.14865909090909]]]}, "properties": {"value": 2.6276111602783203}}, {"type": "Feature", "geometry": {"type": "Polygon", "coordinates": [[[-62.83665957446809, 46.14865909090909], [-62.80928723404256, 46.14865909090909], [-62.80928723404256, 46.12136363636364], [-62.83665957446809, 46.12136363636364], [-62.83665957446809, 46.14865909090909]]]}, "properties": {"value": 2.2578377723693848}}, {"type": "Feature", "geometry": {"type": "Polygon", "coordinates": [[[-62.80928723404256, 46.14865909090909], [-62.78191489361702, 46.14865909090909], [-62.78191489361702, 46.12136363636364], [-62.80928723404256, 46.12136363636364], [-62.80928723404256, 46.14865909090909]]]}, "properties": {"value": 1.6652989387512207}}, {"type": "Feature", "geometry": {"type": "Polygon", "coordinates": [[[-62.78191489361702, 46.14865909090909], [-62.75454255319149, 46.14865909090909], [-62.75454255319149, 46.12136363636364], [-62.78191489361702, 46.12136363636364], [-62.78191489361702, 46.14865909090909]]]}, "properties": {"value": 1.6652989387512207}}, {"type": "Feature", "geometry": {"type": "Polygon", "coordinates": [[[-62.75454255319149, 46.14865909090909], [-62.72717021276596, 46.14865909090909], [-62.72717021276596, 46.12136363636364], [-62.75454255319149, 46.12136363636364], [-62.75454255319149, 46.14865909090909]]]}, "properties": {"value": 2.191617965698242}}, {"type": "Feature", "geometry": {"type": "Polygon", "coordinates": [[[-62.72717021276596, 46.14865909090909], [-62.699797872340426, 46.14865909090909], [-62.699797872340426, 46.12136363636364], [-62.72717021276596, 46.12136363636364], [-62.72717021276596, 46.14865909090909]]]}, "properties": {"value": 2.2994933128356934}}, {"type": "Feature", "geometry": {"type": "Polygon", "coordinates": [[[-62.699797872340426, 46.14865909090909], [-62.6724255319149, 46.14865909090909], [-62.6724255319149, 46.12136363636364], [-62.699797872340426, 46.12136363636364], [-62.699797872340426, 46.14865909090909]]]}, "properties": {"value": 2.3446929454803467}}, {"type": "Feature", "geometry": {"type": "Polygon", "coordinates": [[[-62.6724255319149, 46.14865909090909], [-62.64505319148936, 46.14865909090909], [-62.64505319148936, 46.12136363636364], [-62.6724255319149, 46.12136363636364], [-62.6724255319149, 46.14865909090909]]]}, "properties": {"value": 1.873490810394287}}, {"type": "Feature", "geometry": {"type": "Polygon", "coordinates": [[[-62.64505319148936, 46.14865909090909], [-62.61768085106383, 46.14865909090909], [-62.61768085106383, 46.12136363636364], [-62.64505319148936, 46.12136363636364], [-62.64505319148936, 46.14865909090909]]]}, "properties": {"value": 1.9253902435302734}}, {"type": "Feature", "geometry": {"type": "Polygon", "coordinates": [[[-62.61768085106383, 46.14865909090909], [-62.5903085106383, 46.14865909090909], [-62.5903085106383, 46.12136363636364], [-62.61768085106383, 46.12136363636364], [-62.61768085106383, 46.14865909090909]]]}, "properties": {"value": 1.9253902435302734}}, {"type": "Feature", "geometry": {"type": "Polygon", "coordinates": [[[-62.5903085106383, 46.14865909090909], [-62.562936170212765, 46.14865909090909], [-62.562936170212765, 46.12136363636364], [-62.5903085106383, 46.12136363636364], [-62.5903085106383, 46.14865909090909]]]}, "properties": {"value": 3.19844388961792}}, {"type": "Feature", "geometry": {"type": "Polygon", "coordinates": [[[-62.562936170212765, 46.14865909090909], [-62.535563829787236, 46.14865909090909], [-62.535563829787236, 46.12136363636364], [-62.562936170212765, 46.12136363636364], [-62.562936170212765, 46.14865909090909]]]}, "properties": {"value": 3.19844388961792}}, {"type": "Feature", "geometry": {"type": "Polygon", "coordinates": [[[-62.535563829787236, 46.14865909090909], [-62.50819148936171, 46.14865909090909], [-62.50819148936171, 46.12136363636364], [-62.535563829787236, 46.12136363636364], [-62.535563829787236, 46.14865909090909]]]}, "properties": {"value": 2.4609811305999756}}, {"type": "Feature", "geometry": {"type": "Polygon", "coordinates": [[[-62.50819148936171, 46.14865909090909], [-62.48081914893617, 46.14865909090909], [-62.48081914893617, 46.12136363636364], [-62.50819148936171, 46.12136363636364], [-62.50819148936171, 46.14865909090909]]]}, "properties": {"value": 2.639840841293335}}, {"type": "Feature", "geometry": {"type": "Polygon", "coordinates": [[[-62.48081914893617, 46.14865909090909], [-62.45344680851064, 46.14865909090909], [-62.45344680851064, 46.12136363636364], [-62.48081914893617, 46.12136363636364], [-62.48081914893617, 46.14865909090909]]]}, "properties": {"value": 2.639840841293335}}, {"type": "Feature", "geometry": {"type": "Polygon", "coordinates": [[[-63.21987234042553, 46.12136363636364], [-63.1925, 46.12136363636364], [-63.1925, 46.09406818181818], [-63.21987234042553, 46.09406818181818], [-63.21987234042553, 46.12136363636364]]]}, "properties": {"value": 1.1537457704544067}}, {"type": "Feature", "geometry": {"type": "Polygon", "coordinates": [[[-63.1925, 46.12136363636364], [-63.165127659574466, 46.12136363636364], [-63.165127659574466, 46.09406818181818], [-63.1925, 46.09406818181818], [-63.1925, 46.12136363636364]]]}, "properties": {"value": 1.1537457704544067}}, {"type": "Feature", "geometry": {"type": "Polygon", "coordinates": [[[-62.97352127659575, 46.12136363636364], [-62.94614893617022, 46.12136363636364], [-62.94614893617022, 46.09406818181818], [-62.97352127659575, 46.09406818181818], [-62.97352127659575, 46.12136363636364]]]}, "properties": {"value": 1.7447417974472046}}, {"type": "Feature", "geometry": {"type": "Polygon", "coordinates": [[[-62.91877659574468, 46.12136363636364], [-62.89140425531915, 46.12136363636364], [-62.89140425531915, 46.09406818181818], [-62.91877659574468, 46.09406818181818], [-62.91877659574468, 46.12136363636364]]]}, "properties": {"value": 2.064692497253418}}, {"type": "Feature", "geometry": {"type": "Polygon", "coordinates": [[[-62.89140425531915, 46.12136363636364], [-62.864031914893616, 46.12136363636364], [-62.864031914893616, 46.09406818181818], [-62.89140425531915, 46.09406818181818], [-62.89140425531915, 46.12136363636364]]]}, "properties": {"value": 2.3867287635803223}}, {"type": "Feature", "geometry": {"type": "Polygon", "coordinates": [[[-62.864031914893616, 46.12136363636364], [-62.83665957446809, 46.12136363636364], [-62.83665957446809, 46.09406818181818], [-62.864031914893616, 46.09406818181818], [-62.864031914893616, 46.12136363636364]]]}, "properties": {"value": 2.1669881343841553}}, {"type": "Feature", "geometry": {"type": "Polygon", "coordinates": [[[-62.83665957446809, 46.12136363636364], [-62.80928723404256, 46.12136363636364], [-62.80928723404256, 46.09406818181818], [-62.83665957446809, 46.09406818181818], [-62.83665957446809, 46.12136363636364]]]}, "properties": {"value": 2.022758960723877}}, {"type": "Feature", "geometry": {"type": "Polygon", "coordinates": [[[-62.80928723404256, 46.12136363636364], [-62.78191489361702, 46.12136363636364], [-62.78191489361702, 46.09406818181818], [-62.80928723404256, 46.09406818181818], [-62.80928723404256, 46.12136363636364]]]}, "properties": {"value": 2.043797731399536}}, {"type": "Feature", "geometry": {"type": "Polygon", "coordinates": [[[-62.78191489361702, 46.12136363636364], [-62.75454255319149, 46.12136363636364], [-62.75454255319149, 46.09406818181818], [-62.78191489361702, 46.09406818181818], [-62.78191489361702, 46.12136363636364]]]}, "properties": {"value": 2.202343225479126}}, {"type": "Feature", "geometry": {"type": "Polygon", "coordinates": [[[-62.75454255319149, 46.12136363636364], [-62.72717021276596, 46.12136363636364], [-62.72717021276596, 46.09406818181818], [-62.75454255319149, 46.09406818181818], [-62.75454255319149, 46.12136363636364]]]}, "properties": {"value": 2.0306150913238525}}, {"type": "Feature", "geometry": {"type": "Polygon", "coordinates": [[[-62.72717021276596, 46.12136363636364], [-62.699797872340426, 46.12136363636364], [-62.699797872340426, 46.09406818181818], [-62.72717021276596, 46.09406818181818], [-62.72717021276596, 46.12136363636364]]]}, "properties": {"value": 2.0306150913238525}}, {"type": "Feature", "geometry": {"type": "Polygon", "coordinates": [[[-62.699797872340426, 46.12136363636364], [-62.6724255319149, 46.12136363636364], [-62.6724255319149, 46.09406818181818], [-62.699797872340426, 46.09406818181818], [-62.699797872340426, 46.12136363636364]]]}, "properties": {"value": 2.2424540519714355}}, {"type": "Feature", "geometry": {"type": "Polygon", "coordinates": [[[-62.6724255319149, 46.12136363636364], [-62.64505319148936, 46.12136363636364], [-62.64505319148936, 46.09406818181818], [-62.6724255319149, 46.09406818181818], [-62.6724255319149, 46.12136363636364]]]}, "properties": {"value": 1.885577917098999}}, {"type": "Feature", "geometry": {"type": "Polygon", "coordinates": [[[-62.64505319148936, 46.12136363636364], [-62.61768085106383, 46.12136363636364], [-62.61768085106383, 46.09406818181818], [-62.64505319148936, 46.09406818181818], [-62.64505319148936, 46.12136363636364]]]}, "properties": {"value": 1.7630735635757446}}, {"type": "Feature", "geometry": {"type": "Polygon", "coordinates": [[[-62.61768085106383, 46.12136363636364], [-62.5903085106383, 46.12136363636364], [-62.5903085106383, 46.09406818181818], [-62.61768085106383, 46.09406818181818], [-62.61768085106383, 46.12136363636364]]]}, "properties": {"value": 1.7588577270507812}}, {"type": "Feature", "geometry": {"type": "Polygon", "coordinates": [[[-62.5903085106383, 46.12136363636364], [-62.562936170212765, 46.12136363636364], [-62.562936170212765, 46.09406818181818], [-62.5903085106383, 46.09406818181818], [-62.5903085106383, 46.12136363636364]]]}, "properties": {"value": 2.9697508811950684}}, {"type": "Feature", "geometry": {"type": "Polygon", "coordinates": [[[-62.562936170212765, 46.12136363636364], [-62.535563829787236, 46.12136363636364], [-62.535563829787236, 46.09406818181818], [-62.562936170212765, 46.09406818181818], [-62.562936170212765, 46.12136363636364]]]}, "properties": {"value": 2.9697508811950684}}, {"type": "Feature", "geometry": {"type": "Polygon", "coordinates": [[[-62.535563829787236, 46.12136363636364], [-62.50819148936171, 46.12136363636364], [-62.50819148936171, 46.09406818181818], [-62.535563829787236, 46.09406818181818], [-62.535563829787236, 46.12136363636364]]]}, "properties": {"value": 4.065738201141357}}, {"type": "Feature", "geometry": {"type": "Polygon", "coordinates": [[[-62.50819148936171, 46.12136363636364], [-62.48081914893617, 46.12136363636364], [-62.48081914893617, 46.09406818181818], [-62.50819148936171, 46.09406818181818], [-62.50819148936171, 46.12136363636364]]]}, "properties": {"value": 2.9310038089752197}}, {"type": "Feature", "geometry": {"type": "Polygon", "coordinates": [[[-62.48081914893617, 46.12136363636364], [-62.45344680851064, 46.12136363636364], [-62.45344680851064, 46.09406818181818], [-62.48081914893617, 46.09406818181818], [-62.48081914893617, 46.12136363636364]]]}, "properties": {"value": 2.9310038089752197}}, {"type": "Feature", "geometry": {"type": "Polygon", "coordinates": [[[-62.45344680851064, 46.12136363636364], [-62.426074468085105, 46.12136363636364], [-62.426074468085105, 46.09406818181818], [-62.45344680851064, 46.09406818181818], [-62.45344680851064, 46.12136363636364]]]}, "properties": {"value": 2.5472099781036377}}, {"type": "Feature", "geometry": {"type": "Polygon", "coordinates": [[[-63.02826595744681, 46.09406818181818], [-63.000893617021276, 46.09406818181818], [-63.000893617021276, 46.06677272727273], [-63.02826595744681, 46.06677272727273], [-63.02826595744681, 46.09406818181818]]]}, "properties": {"value": 0.9324826002120972}}, {"type": "Feature", "geometry": {"type": "Polygon", "coordinates": [[[-63.000893617021276, 46.09406818181818], [-62.97352127659575, 46.09406818181818], [-62.97352127659575, 46.06677272727273], [-63.000893617021276, 46.06677272727273], [-63.000893617021276, 46.09406818181818]]]}, "properties": {"value": 1.9923901557922363}}, {"type": "Feature", "geometry": {"type": "Polygon", "coordinates": [[[-62.97352127659575, 46.09406818181818], [-62.94614893617022, 46.09406818181818], [-62.94614893617022, 46.06677272727273], [-62.97352127659575, 46.06677272727273], [-62.97352127659575, 46.09406818181818]]]}, "properties": {"value": 1.9923901557922363}}, {"type": "Feature", "geometry": {"type": "Polygon", "coordinates": [[[-62.94614893617022, 46.09406818181818], [-62.91877659574468, 46.09406818181818], [-62.91877659574468, 46.06677272727273], [-62.94614893617022, 46.06677272727273], [-62.94614893617022, 46.09406818181818]]]}, "properties": {"value": 2.102599620819092}}, {"type": "Feature", "geometry": {"type": "Polygon", "coordinates": [[[-62.91877659574468, 46.09406818181818], [-62.89140425531915, 46.09406818181818], [-62.89140425531915, 46.06677272727273], [-62.91877659574468, 46.06677272727273], [-62.91877659574468, 46.09406818181818]]]}, "properties": {"value": 2.4661874771118164}}, {"type": "Feature", "geometry": {"type": "Polygon", "coordinates": [[[-62.89140425531915, 46.09406818181818], [-62.864031914893616, 46.09406818181818], [-62.864031914893616, 46.06677272727273], [-62.89140425531915, 46.06677272727273], [-62.89140425531915, 46.09406818181818]]]}, "properties": {"value": 2.4661874771118164}}, {"type": "Feature", "geometry": {"type": "Polygon", "coordinates": [[[-62.864031914893616, 46.09406818181818], [-62.83665957446809, 46.09406818181818], [-62.83665957446809, 46.06677272727273], [-62.864031914893616, 46.06677272727273], [-62.864031914893616, 46.09406818181818]]]}, "properties": {"value": 2.1162242889404297}}, {"type": "Feature", "geometry": {"type": "Polygon", "coordinates": [[[-62.83665957446809, 46.09406818181818], [-62.80928723404256, 46.09406818181818], [-62.80928723404256, 46.06677272727273], [-62.83665957446809, 46.06677272727273], [-62.83665957446809, 46.09406818181818]]]}, "properties": {"value": 1.7882931232452393}}, {"type": "Feature", "geometry": {"type": "Polygon", "coordinates": [[[-62.80928723404256, 46.09406818181818], [-62.78191489361702, 46.09406818181818], [-62.78191489361702, 46.06677272727273], [-62.80928723404256, 46.06677272727273], [-62.80928723404256, 46.09406818181818]]]}, "properties": {"value": 2.1041979789733887}}, {"type": "Feature", "geometry": {"type": "Polygon", "coordinates": [[[-62.78191489361702, 46.09406818181818], [-62.75454255319149, 46.09406818181818], [-62.75454255319149, 46.06677272727273], [-62.78191489361702, 46.06677272727273], [-62.78191489361702, 46.09406818181818]]]}, "properties": {"value": 2.08850359916687}}, {"type": "Feature", "geometry": {"type": "Polygon", "coordinates": [[[-62.75454255319149, 46.09406818181818], [-62.72717021276596, 46.09406818181818], [-62.72717021276596, 46.06677272727273], [-62.75454255319149, 46.06677272727273], [-62.75454255319149, 46.09406818181818]]]}, "properties": {"value": 2.487598419189453}}, {"type": "Feature", "geometry": {"type": "Polygon", "coordinates": [[[-62.72717021276596, 46.09406818181818], [-62.699797872340426, 46.09406818181818], [-62.699797872340426, 46.06677272727273], [-62.72717021276596, 46.06677272727273], [-62.72717021276596, 46.09406818181818]]]}, "properties": {"value": 2.233891487121582}}, {"type": "Feature", "geometry": {"type": "Polygon", "coordinates": [[[-62.699797872340426, 46.09406818181818], [-62.6724255319149, 46.09406818181818], [-62.6724255319149, 46.06677272727273], [-62.699797872340426, 46.06677272727273], [-62.699797872340426, 46.09406818181818]]]}, "properties": {"value": 1.8603376150131226}}, {"type": "Feature", "geometry": {"type": "Polygon", "coordinates": [[[-62.6724255319149, 46.09406818181818], [-62.64505319148936, 46.09406818181818], [-62.64505319148936, 46.06677272727273], [-62.6724255319149, 46.06677272727273], [-62.6724255319149, 46.09406818181818]]]}, "properties": {"value": 1.8603376150131226}}, {"type": "Feature", "geometry": {"type": "Polygon", "coordinates": [[[-62.64505319148936, 46.09406818181818], [-62.61768085106383, 46.09406818181818], [-62.61768085106383, 46.06677272727273], [-62.64505319148936, 46.06677272727273], [-62.64505319148936, 46.09406818181818]]]}, "properties": {"value": 2.2721047401428223}}, {"type": "Feature", "geometry": {"type": "Polygon", "coordinates": [[[-62.61768085106383, 46.09406818181818], [-62.5903085106383, 46.09406818181818], [-62.5903085106383, 46.06677272727273], [-62.61768085106383, 46.06677272727273], [-62.61768085106383, 46.09406818181818]]]}, "properties": {"value": 2.225651502609253}}, {"type": "Feature", "geometry": {"type": "Polygon", "coordinates": [[[-62.5903085106383, 46.09406818181818], [-62.562936170212765, 46.09406818181818], [-62.562936170212765, 46.06677272727273], [-62.5903085106383, 46.06677272727273], [-62.5903085106383, 46.09406818181818]]]}, "properties": {"value": 2.2469863891601562}}, {"type": "Feature", "geometry": {"type": "Polygon", "coordinates": [[[-62.562936170212765, 46.09406818181818], [-62.535563829787236, 46.09406818181818], [-62.535563829787236, 46.06677272727273], [-62.562936170212765, 46.06677272727273], [-62.562936170212765, 46.09406818181818]]]}, "properties": {"value": 3.6840949058532715}}, {"type": "Feature", "geometry": {"type": "Polygon", "coordinates": [[[-62.535563829787236, 46.09406818181818], [-62.50819148936171, 46.09406818181818], [-62.50819148936171, 46.06677272727273], [-62.535563829787236, 46.06677272727273], [-62.535563829787236, 46.09406818181818]]]}, "properties": {"value": 2.9506173133850098}}, {"type": "Feature", "geometry": {"type": "Polygon", "coordinates": [[[-62.50819148936171, 46.09406818181818], [-62.48081914893617, 46.09406818181818], [-62.48081914893617, 46.06677272727273], [-62.50819148936171, 46.06677272727273], [-62.50819148936171, 46.09406818181818]]]}, "properties": {"value": 4.047964572906494}}, {"type": "Feature", "geometry": {"type": "Polygon", "coordinates": [[[-62.48081914893617, 46.09406818181818], [-62.45344680851064, 46.09406818181818], [-62.45344680851064, 46.06677272727273], [-62.48081914893617, 46.06677272727273], [-62.48081914893617, 46.09406818181818]]]}, "properties": {"value": 2.944295883178711}}, {"type": "Feature", "geometry": {"type": "Polygon", "coordinates": [[[-62.45344680851064, 46.09406818181818], [-62.426074468085105, 46.09406818181818], [-62.426074468085105, 46.06677272727273], [-62.45344680851064, 46.06677272727273], [-62.45344680851064, 46.09406818181818]]]}, "properties": {"value": 2.0661089420318604}}, {"type": "Feature", "geometry": {"type": "Polygon", "coordinates": [[[-63.05563829787234, 46.06677272727273], [-63.02826595744681, 46.06677272727273], [-63.02826595744681, 46.039477272727275], [-63.05563829787234, 46.039477272727275], [-63.05563829787234, 46.06677272727273]]]}, "properties": {"value": 0.9234795570373535}}, {"type": "Feature", "geometry": {"type": "Polygon", "coordinates": [[[-63.02826595744681, 46.06677272727273], [-63.000893617021276, 46.06677272727273], [-63.000893617021276, 46.039477272727275], [-63.02826595744681, 46.039477272727275], [-63.02826595744681, 46.06677272727273]]]}, "properties": {"value": 0.872596263885498}}, {"type": "Feature", "geometry": {"type": "Polygon", "coordinates": [[[-63.000893617021276, 46.06677272727273], [-62.97352127659575, 46.06677272727273], [-62.97352127659575, 46.039477272727275], [-63.000893617021276, 46.039477272727275], [-63.000893617021276, 46.06677272727273]]]}, "properties": {"value": 1.1654078960418701}}, {"type": "Feature", "geometry": {"type": "Polygon", "coordinates": [[[-62.97352127659575, 46.06677272727273], [-62.94614893617022, 46.06677272727273], [-62.94614893617022, 46.039477272727275], [-62.97352127659575, 46.039477272727275], [-62.97352127659575, 46.06677272727273]]]}, "properties": {"value": 1.1516660451889038}}, {"type": "Feature", "geometry": {"type": "Polygon", "coordinates": [[[-62.94614893617022, 46.06677272727273], [-62.91877659574468, 46.06677272727273], [-62.91877659574468, 46.039477272727275], [-62.94614893617022, 46.039477272727275], [-62.94614893617022, 46.06677272727273]]]}, "properties": {"value": 0.9918394684791565}}, {"type": "Feature", "geometry": {"type": "Polygon", "coordinates": [[[-62.91877659574468, 46.06677272727273], [-62.89140425531915, 46.06677272727273], [-62.89140425531915, 46.039477272727275], [-62.91877659574468, 46.039477272727275], [-62.91877659574468, 46.06677272727273]]]}, "properties": {"value": 1.903806447982788}}, {"type": "Feature", "geometry": {"type": "Polygon", "coordinates": [[[-62.89140425531915, 46.06677272727273], [-62.864031914893616, 46.06677272727273], [-62.864031914893616, 46.039477272727275], [-62.89140425531915, 46.039477272727275], [-62.89140425531915, 46.06677272727273]]]}, "properties": {"value": 1.5905507802963257}}, {"type": "Feature", "geometry": {"type": "Polygon", "coordinates": [[[-62.864031914893616, 46.06677272727273], [-62.83665957446809, 46.06677272727273], [-62.83665957446809, 46.039477272727275], [-62.864031914893616, 46.039477272727275], [-62.864031914893616, 46.06677272727273]]]}, "properties": {"value": 1.753973126411438}}, {"type": "Feature", "geometry": {"type": "Polygon", "coordinates": [[[-62.83665957446809, 46.06677272727273], [-62.80928723404256, 46.06677272727273], [-62.80928723404256, 46.039477272727275], [-62.83665957446809, 46.039477272727275], [-62.83665957446809, 46.06677272727273]]]}, "properties": {"value": 1.753973126411438}}, {"type": "Feature", "geometry": {"type": "Polygon", "coordinates": [[[-62.80928723404256, 46.06677272727273], [-62.78191489361702, 46.06677272727273], [-62.78191489361702, 46.039477272727275], [-62.80928723404256, 46.039477272727275], [-62.80928723404256, 46.06677272727273]]]}, "properties": {"value": 1.769790530204773}}, {"type": "Feature", "geometry": {"type": "Polygon", "coordinates": [[[-62.78191489361702, 46.06677272727273], [-62.75454255319149, 46.06677272727273], [-62.75454255319149, 46.039477272727275], [-62.78191489361702, 46.039477272727275], [-62.78191489361702, 46.06677272727273]]]}, "properties": {"value": 1.9521228075027466}}, {"type": "Feature", "geometry": {"type": "Polygon", "coordinates": [[[-62.75454255319149, 46.06677272727273], [-62.72717021276596, 46.06677272727273], [-62.72717021276596, 46.039477272727275], [-62.75454255319149, 46.039477272727275], [-62.75454255319149, 46.06677272727273]]]}, "properties": {"value": 1.945946455001831}}, {"type": "Feature", "geometry": {"type": "Polygon", "coordinates": [[[-62.72717021276596, 46.06677272727273], [-62.699797872340426, 46.06677272727273], [-62.699797872340426, 46.039477272727275], [-62.72717021276596, 46.039477272727275], [-62.72717021276596, 46.06677272727273]]]}, "properties": {"value": 1.9740666151046753}}, {"type": "Feature", "geometry": {"type": "Polygon", "coordinates": [[[-62.699797872340426, 46.06677272727273], [-62.6724255319149, 46.06677272727273], [-62.6724255319149, 46.039477272727275], [-62.699797872340426, 46.039477272727275], [-62.699797872340426, 46.06677272727273]]]}, "properties": {"value": 1.7088369131088257}}, {"type": "Feature", "geometry": {"type": "Polygon", "coordinates": [[[-62.6724255319149, 46.06677272727273], [-62.64505319148936, 46.06677272727273], [-62.64505319148936, 46.039477272727275], [-62.6724255319149, 46.039477272727275], [-62.6724255319149, 46.06677272727273]]]}, "properties": {"value": 1.7088369131088257}}, {"type": "Feature", "geometry": {"type": "Polygon", "coordinates": [[[-62.64505319148936, 46.06677272727273], [-62.61768085106383, 46.06677272727273], [-62.61768085106383, 46.039477272727275], [-62.64505319148936, 46.039477272727275], [-62.64505319148936, 46.06677272727273]]]}, "properties": {"value": 2.1902849674224854}}, {"type": "Feature", "geometry": {"type": "Polygon", "coordinates": [[[-62.61768085106383, 46.06677272727273], [-62.5903085106383, 46.06677272727273], [-62.5903085106383, 46.039477272727275], [-62.61768085106383, 46.039477272727275], [-62.61768085106383, 46.06677272727273]]]}, "properties": {"value": 2.225651502609253}}, {"type": "Feature", "geometry": {"type": "Polygon", "coordinates": [[[-62.5903085106383, 46.06677272727273], [-62.562936170212765, 46.06677272727273], [-62.562936170212765, 46.039477272727275], [-62.5903085106383, 46.039477272727275], [-62.5903085106383, 46.06677272727273]]]}, "properties": {"value": 2.2146077156066895}}, {"type": "Feature", "geometry": {"type": "Polygon", "coordinates": [[[-62.562936170212765, 46.06677272727273], [-62.535563829787236, 46.06677272727273], [-62.535563829787236, 46.039477272727275], [-62.562936170212765, 46.039477272727275], [-62.562936170212765, 46.06677272727273]]]}, "properties": {"value": 2.9507670402526855}}, {"type": "Feature", "geometry": {"type": "Polygon", "coordinates": [[[-62.535563829787236, 46.06677272727273], [-62.50819148936171, 46.06677272727273], [-62.50819148936171, 46.039477272727275], [-62.535563829787236, 46.039477272727275], [-62.535563829787236, 46.06677272727273]]]}, "properties": {"value": 2.9507670402526855}}, {"type": "Feature", "geometry": {"type": "Polygon", "coordinates": [[[-62.50819148936171, 46.06677272727273], [-62.48081914893617, 46.06677272727273], [-62.48081914893617, 46.039477272727275], [-62.50819148936171, 46.039477272727275], [-62.50819148936171, 46.06677272727273]]]}, "properties": {"value": 2.4926791191101074}}, {"type": "Feature", "geometry": {"type": "Polygon", "coordinates": [[[-62.48081914893617, 46.06677272727273], [-62.45344680851064, 46.06677272727273], [-62.45344680851064, 46.039477272727275], [-62.48081914893617, 46.039477272727275], [-62.48081914893617, 46.06677272727273]]]}, "properties": {"value": 0.9733930230140686}}, {"type": "Feature", "geometry": {"type": "Polygon", "coordinates": [[[-62.94614893617022, 46.039477272727275], [-62.91877659574468, 46.039477272727275], [-62.91877659574468, 46.012181818181816], [-62.94614893617022, 46.012181818181816], [-62.94614893617022, 46.039477272727275]]]}, "properties": {"value": 0.772154688835144}}, {"type": "Feature", "geometry": {"type": "Polygon", "coordinates": [[[-62.91877659574468, 46.039477272727275], [-62.89140425531915, 46.039477272727275], [-62.89140425531915, 46.012181818181816], [-62.91877659574468, 46.012181818181816], [-62.91877659574468, 46.039477272727275]]]}, "properties": {"value": 1.4988973140716553}}, {"type": "Feature", "geometry": {"type": "Polygon", "coordinates": [[[-62.89140425531915, 46.039477272727275], [-62.864031914893616, 46.039477272727275], [-62.864031914893616, 46.012181818181816], [-62.89140425531915, 46.012181818181816], [-62.89140425531915, 46.039477272727275]]]}, "properties": {"value": 0.9700060486793518}}, {"type": "Feature", "geometry": {"type": "Polygon", "coordinates": [[[-62.864031914893616, 46.039477272727275], [-62.83665957446809, 46.039477272727275], [-62.83665957446809, 46.012181818181816], [-62.864031914893616, 46.012181818181816], [-62.864031914893616, 46.039477272727275]]]}, "properties": {"value": 1.1812291145324707}}, {"type": "Feature", "geometry": {"type": "Polygon", "coordinates": [[[-62.83665957446809, 46.039477272727275], [-62.80928723404256, 46.039477272727275], [-62.80928723404256, 46.012181818181816], [-62.83665957446809, 46.012181818181816], [-62.83665957446809, 46.039477272727275]]]}, "properties": {"value": 1.2523016929626465}}, {"type": "Feature", "geometry": {"type": "Polygon", "coordinates": [[[-62.80928723404256, 46.039477272727275], [-62.78191489361702, 46.039477272727275], [-62.78191489361702, 46.012181818181816], [-62.80928723404256, 46.012181818181816], [-62.80928723404256, 46.039477272727275]]]}, "properties": {"value": 1.887702465057373}}, {"type": "Feature", "geometry": {"type": "Polygon", "coordinates": [[[-62.78191489361702, 46.039477272727275], [-62.75454255319149, 46.039477272727275], [-62.75454255319149, 46.012181818181816], [-62.78191489361702, 46.012181818181816], [-62.78191489361702, 46.039477272727275]]]}, "properties": {"value": 1.887702465057373}}, {"type": "Feature", "geometry": {"type": "Polygon", "coordinates": [[[-62.75454255319149, 46.039477272727275], [-62.72717021276596, 46.039477272727275], [-62.72717021276596, 46.012181818181816], [-62.75454255319149, 46.012181818181816], [-62.75454255319149, 46.039477272727275]]]}, "properties": {"value": 1.522565484046936}}, {"type": "Feature", "geometry": {"type": "Polygon", "coordinates": [[[-62.72717021276596, 46.039477272727275], [-62.699797872340426, 46.039477272727275], [-62.699797872340426, 46.012181818181816], [-62.72717021276596, 46.012181818181816], [-62.72717021276596, 46.039477272727275]]]}, "properties": {"value": 1.6064664125442505}}, {"type": "Feature", "geometry": {"type": "Polygon", "coordinates": [[[-62.699797872340426, 46.039477272727275], [-62.6724255319149, 46.039477272727275], [-62.6724255319149, 46.012181818181816], [-62.699797872340426, 46.012181818181816], [-62.699797872340426, 46.039477272727275]]]}, "properties": {"value": 1.5273125171661377}}, {"type": "Feature", "geometry": {"type": "Polygon", "coordinates": [[[-62.6724255319149, 46.039477272727275], [-62.64505319148936, 46.039477272727275], [-62.64505319148936, 46.012181818181816], [-62.6724255319149, 46.012181818181816], [-62.6724255319149, 46.039477272727275]]]}, "properties": {"value": 1.2890136241912842}}, {"type": "Feature", "geometry": {"type": "Polygon", "coordinates": [[[-62.64505319148936, 46.039477272727275], [-62.61768085106383, 46.039477272727275], [-62.61768085106383, 46.012181818181816], [-62.64505319148936, 46.012181818181816], [-62.64505319148936, 46.039477272727275]]]}, "properties": {"value": 1.576772928237915}}, {"type": "Feature", "geometry": {"type": "Polygon", "coordinates": [[[-62.61768085106383, 46.039477272727275], [-62.5903085106383, 46.039477272727275], [-62.5903085106383, 46.012181818181816], [-62.61768085106383, 46.012181818181816], [-62.61768085106383, 46.039477272727275]]]}, "properties": {"value": 1.8193808794021606}}, {"type": "Feature", "geometry": {"type": "Polygon", "coordinates": [[[-62.5903085106383, 46.039477272727275], [-62.562936170212765, 46.039477272727275], [-62.562936170212765, 46.012181818181816], [-62.5903085106383, 46.012181818181816], [-62.5903085106383, 46.039477272727275]]]}, "properties": {"value": 1.8103870153427124}}, {"type": "Feature", "geometry": {"type": "Polygon", "coordinates": [[[-62.562936170212765, 46.039477272727275], [-62.535563829787236, 46.039477272727275], [-62.535563829787236, 46.012181818181816], [-62.562936170212765, 46.012181818181816], [-62.562936170212765, 46.039477272727275]]]}, "properties": {"value": 1.2619147300720215}}, {"type": "Feature", "geometry": {"type": "Polygon", "coordinates": [[[-62.535563829787236, 46.039477272727275], [-62.50819148936171, 46.039477272727275], [-62.50819148936171, 46.012181818181816], [-62.535563829787236, 46.012181818181816], [-62.535563829787236, 46.039477272727275]]]}, "properties": {"value": 1.2619147300720215}}, {"type": "Feature", "geometry": {"type": "Polygon", "coordinates": [[[-62.50819148936171, 46.039477272727275], [-62.48081914893617, 46.039477272727275], [-62.48081914893617, 46.012181818181816], [-62.50819148936171, 46.012181818181816], [-62.50819148936171, 46.039477272727275]]]}, "properties": {"value": 0.893486499786377}}, {"type": "Feature", "geometry": {"type": "Polygon", "coordinates": [[[-62.48081914893617, 46.039477272727275], [-62.45344680851064, 46.039477272727275], [-62.45344680851064, 46.012181818181816], [-62.48081914893617, 46.012181818181816], [-62.48081914893617, 46.039477272727275]]]}, "properties": {"value": 0.7745568752288818}}, {"type": "Feature", "geometry": {"type": "Polygon", "coordinates": [[[-62.45344680851064, 46.039477272727275], [-62.426074468085105, 46.039477272727275], [-62.426074468085105, 46.012181818181816], [-62.45344680851064, 46.012181818181816], [-62.45344680851064, 46.039477272727275]]]}, "properties": {"value": 0.8462303280830383}}, {"type": "Feature", "geometry": {"type": "Polygon", "coordinates": [[[-62.91877659574468, 46.012181818181816], [-62.89140425531915, 46.012181818181816], [-62.89140425531915, 45.98488636363636], [-62.91877659574468, 45.98488636363636], [-62.91877659574468, 46.012181818181816]]]}, "properties": {"value": 0.7470696568489075}}, {"type": "Feature", "geometry": {"type": "Polygon", "coordinates": [[[-62.89140425531915, 46.012181818181816], [-62.864031914893616, 46.012181818181816], [-62.864031914893616, 45.98488636363636], [-62.89140425531915, 45.98488636363636], [-62.89140425531915, 46.012181818181816]]]}, "properties": {"value": 0.9733040928840637}}, {"type": "Feature", "geometry": {"type": "Polygon", "coordinates": [[[-62.864031914893616, 46.012181818181816], [-62.83665957446809, 46.012181818181816], [-62.83665957446809, 45.98488636363636], [-62.864031914893616, 45.98488636363636], [-62.864031914893616, 46.012181818181816]]]}, "properties": {"value": 1.4761688709259033}}, {"type": "Feature", "geometry": {"type": "Polygon", "coordinates": [[[-62.83665957446809, 46.012181818181816], [-62.80928723404256, 46.012181818181816], [-62.80928723404256, 45.98488636363636], [-62.83665957446809, 45.98488636363636], [-62.83665957446809, 46.012181818181816]]]}, "properties": {"value": 0.9539527893066406}}, {"type": "Feature", "geometry": {"type": "Polygon", "coordinates": [[[-62.80928723404256, 46.012181818181816], [-62.78191489361702, 46.012181818181816], [-62.78191489361702, 45.98488636363636], [-62.80928723404256, 45.98488636363636], [-62.80928723404256, 46.012181818181816]]]}, "properties": {"value": 1.2578439712524414}}, {"type": "Feature", "geometry": {"type": "Polygon", "coordinates": [[[-62.78191489361702, 46.012181818181816], [-62.75454255319149, 46.012181818181816], [-62.75454255319149, 45.98488636363636], [-62.78191489361702, 45.98488636363636], [-62.78191489361702, 46.012181818181816]]]}, "properties": {"value": 1.2741464376449585}}, {"type": "Feature", "geometry": {"type": "Polygon", "coordinates": [[[-62.75454255319149, 46.012181818181816], [-62.72717021276596, 46.012181818181816], [-62.72717021276596, 45.98488636363636], [-62.75454255319149, 45.98488636363636], [-62.75454255319149, 46.012181818181816]]]}, "properties": {"value": 0.9958070516586304}}, {"type": "Feature", "geometry": {"type": "Polygon", "coordinates": [[[-62.72717021276596, 46.012181818181816], [-62.699797872340426, 46.012181818181816], [-62.699797872340426, 45.98488636363636], [-62.72717021276596, 45.98488636363636], [-62.72717021276596, 46.012181818181816]]]}, "properties": {"value": 1.6064664125442505}}, {"type": "Feature", "geometry": {"type": "Polygon", "coordinates": [[[-62.699797872340426, 46.012181818181816], [-62.6724255319149, 46.012181818181816], [-62.6724255319149, 45.98488636363636], [-62.699797872340426, 45.98488636363636], [-62.699797872340426, 46.012181818181816]]]}, "properties": {"value": 0.9544458389282227}}, {"type": "Feature", "geometry": {"type": "Polygon", "coordinates": [[[-62.6724255319149, 46.012181818181816], [-62.64505319148936, 46.012181818181816], [-62.64505319148936, 45.98488636363636], [-62.6724255319149, 45.98488636363636], [-62.6724255319149, 46.012181818181816]]]}, "properties": {"value": 0.9452147483825684}}, {"type": "Feature", "geometry": {"type": "Polygon", "coordinates": [[[-62.64505319148936, 46.012181818181816], [-62.61768085106383, 46.012181818181816], [-62.61768085106383, 45.98488636363636], [-62.64505319148936, 45.98488636363636], [-62.64505319148936, 46.012181818181816]]]}, "properties": {"value": 0.9452147483825684}}, {"type": "Feature", "geometry": {"type": "Polygon", "coordinates": [[[-62.61768085106383, 46.012181818181816], [-62.5903085106383, 46.012181818181816], [-62.5903085106383, 45.98488636363636], [-62.61768085106383, 45.98488636363636], [-62.61768085106383, 46.012181818181816]]]}, "properties": {"value": 2.0118491649627686}}, {"type": "Feature", "geometry": {"type": "Polygon", "coordinates": [[[-62.5903085106383, 46.012181818181816], [-62.562936170212765, 46.012181818181816], [-62.562936170212765, 45.98488636363636], [-62.5903085106383, 45.98488636363636], [-62.5903085106383, 46.012181818181816]]]}, "properties": {"value": 2.1485817432403564}}, {"type": "Feature", "geometry": {"type": "Polygon", "coordinates": [[[-62.562936170212765, 46.012181818181816], [-62.535563829787236, 46.012181818181816], [-62.535563829787236, 45.98488636363636], [-62.562936170212765, 45.98488636363636], [-62.562936170212765, 46.012181818181816]]]}, "properties": {"value": 2.3023383617401123}}, {"type": "Feature", "geometry": {"type": "Polygon", "coordinates": [[[-62.535563829787236, 46.012181818181816], [-62.50819148936171, 46.012181818181816], [-62.50819148936171, 45.98488636363636], [-62.535563829787236, 45.98488636363636], [-62.535563829787236, 46.012181818181816]]]}, "properties": {"value": 2.269174337387085}}, {"type": "Feature", "geometry": {"type": "Polygon", "coordinates": [[[-62.50819148936171, 46.012181818181816], [-62.48081914893617, 46.012181818181816], [-62.48081914893617, 45.98488636363636], [-62.50819148936171, 45.98488636363636], [-62.50819148936171, 46.012181818181816]]]}, "properties": {"value": 0.7566049695014954}}, {"type": "Feature", "geometry": {"type": "Polygon", "coordinates": [[[-62.48081914893617, 46.012181818181816], [-62.45344680851064, 46.012181818181816], [-62.45344680851064, 45.98488636363636], [-62.48081914893617, 45.98488636363636], [-62.48081914893617, 46.012181818181816]]]}, "properties": {"value": 0.7566049695014954}}, {"type": "Feature", "geometry": {"type": "Polygon", "coordinates": [[[-62.864031914893616, 45.98488636363636], [-62.83665957446809, 45.98488636363636], [-62.83665957446809, 45.95759090909091], [-62.864031914893616, 45.95759090909091], [-62.864031914893616, 45.98488636363636]]]}, "properties": {"value": 0.9408780336380005}}, {"type": "Feature", "geometry": {"type": "Polygon", "coordinates": [[[-62.83665957446809, 45.98488636363636], [-62.80928723404256, 45.98488636363636], [-62.80928723404256, 45.95759090909091], [-62.83665957446809, 45.95759090909091], [-62.83665957446809, 45.98488636363636]]]}, "properties": {"value": 0.8740519881248474}}, {"type": "Feature", "geometry": {"type": "Polygon", "coordinates": [[[-62.80928723404256, 45.98488636363636], [-62.78191489361702, 45.98488636363636], [-62.78191489361702, 45.95759090909091], [-62.80928723404256, 45.95759090909091], [-62.80928723404256, 45.98488636363636]]]}, "properties": {"value": 1.391586184501648}}, {"type": "Feature", "geometry": {"type": "Polygon", "coordinates": [[[-62.78191489361702, 45.98488636363636], [-62.75454255319149, 45.98488636363636], [-62.75454255319149, 45.95759090909091], [-62.78191489361702, 45.95759090909091], [-62.78191489361702, 45.98488636363636]]]}, "properties": {"value": 0.9681900143623352}}, {"type": "Feature", "geometry": {"type": "Polygon", "coordinates": [[[-62.75454255319149, 45.98488636363636], [-62.72717021276596, 45.98488636363636], [-62.72717021276596, 45.95759090909091], [-62.75454255319149, 45.95759090909091], [-62.75454255319149, 45.98488636363636]]]}, "properties": {"value": 0.9778618812561035}}, {"type": "Feature", "geometry": {"type": "Polygon", "coordinates": [[[-62.72717021276596, 45.98488636363636], [-62.699797872340426, 45.98488636363636], [-62.699797872340426, 45.95759090909091], [-62.72717021276596, 45.95759090909091], [-62.72717021276596, 45.98488636363636]]]}, "properties": {"value": 0.9120343923568726}}, {"type": "Feature", "geometry": {"type": "Polygon", "coordinates": [[[-62.699797872340426, 45.98488636363636], [-62.6724255319149, 45.98488636363636], [-62.6724255319149, 45.95759090909091], [-62.699797872340426, 45.95759090909091], [-62.699797872340426, 45.98488636363636]]]}, "properties": {"value": 0.9659074544906616}}, {"type": "Feature", "geometry": {"type": "Polygon", "coordinates": [[[-62.6724255319149, 45.98488636363636], [-62.64505319148936, 45.98488636363636], [-62.64505319148936, 45.95759090909091], [-62.6724255319149, 45.95759090909091], [-62.6724255319149, 45.98488636363636]]]}, "properties": {"value": 0.9575518369674683}}, {"type": "Feature", "geometry": {"type": "Polygon", "coordinates": [[[-62.64505319148936, 45.98488636363636], [-62.61768085106383, 45.98488636363636], [-62.61768085106383, 45.95759090909091], [-62.64505319148936, 45.95759090909091], [-62.64505319148936, 45.98488636363636]]]}, "properties": {"value": 0.9575518369674683}}, {"type": "Feature", "geometry": {"type": "Polygon", "coordinates": [[[-62.61768085106383, 45.98488636363636], [-62.5903085106383, 45.98488636363636], [-62.5903085106383, 45.95759090909091], [-62.61768085106383, 45.95759090909091], [-62.61768085106383, 45.98488636363636]]]}, "properties": {"value": 1.5881030559539795}}, {"type": "Feature", "geometry": {"type": "Polygon", "coordinates": [[[-62.5903085106383, 45.98488636363636], [-62.562936170212765, 45.98488636363636], [-62.562936170212765, 45.95759090909091], [-62.5903085106383, 45.95759090909091], [-62.5903085106383, 45.98488636363636]]]}, "properties": {"value": 1.5881030559539795}}, {"type": "Feature", "geometry": {"type": "Polygon", "coordinates": [[[-62.562936170212765, 45.98488636363636], [-62.535563829787236, 45.98488636363636], [-62.535563829787236, 45.95759090909091], [-62.562936170212765, 45.95759090909091], [-62.562936170212765, 45.98488636363636]]]}, "properties": {"value": 2.0031981468200684}}, {"type": "Feature", "geometry": {"type": "Polygon", "coordinates": [[[-62.535563829787236, 45.98488636363636], [-62.50819148936171, 45.98488636363636], [-62.50819148936171, 45.95759090909091], [-62.535563829787236, 45.95759090909091], [-62.535563829787236, 45.98488636363636]]]}, "properties": {"value": 0.7750530242919922}}, {"type": "Feature", "geometry": {"type": "Polygon", "coordinates": [[[-62.50819148936171, 45.98488636363636], [-62.48081914893617, 45.98488636363636], [-62.48081914893617, 45.95759090909091], [-62.50819148936171, 45.95759090909091], [-62.50819148936171, 45.98488636363636]]]}, "properties": {"value": 0.9147434234619141}}, {"type": "Feature", "geometry": {"type": "Polygon", "coordinates": [[[-62.78191489361702, 45.95759090909091], [-62.75454255319149, 45.95759090909091], [-62.75454255319149, 45.93029545454546], [-62.78191489361702, 45.93029545454546], [-62.78191489361702, 45.95759090909091]]]}, "properties": {"value": 0.6661148071289062}}, {"type": "Feature", "geometry": {"type": "Polygon", "coordinates": [[[-62.75454255319149, 45.95759090909091], [-62.72717021276596, 45.95759090909091], [-62.72717021276596, 45.93029545454546], [-62.75454255319149, 45.93029545454546], [-62.75454255319149, 45.95759090909091]]]}, "properties": {"value": 0.6661148071289062}}]}